FAMILY CODE,ICD Code
0657-050-033-1100A,L70.0
0657-050-033-11001,L70.0
5037-050-033-05001,L70.0
0720-193-033-05001,L70.0
0657-050-033-13001,L70.0
0657-050-033-1300A,L70.0
0720-04E-035-05001,L70.0
0657-04E-035-1000A,L70.0
0657-04E-035-1100A,L70.0
0657-027-04A-07014,L70.0
0657-027-04A-0600E,L70.0
0657-027-04A-01014,L70.0
0657-027-04A-0700A,L70.0
0657-027-04A-07064,L70.0
0657-027-04A-01064,L70.0
0657-027-04A-0600F,L70.0
0657-027-04A-0700E,L70.0
0657-027-04A-0100F,L70.0
5037-027-04A-03014,L70.0
5037-027-04A-0301C,L70.0
5037-075-04A-0100E,L70.0
5037-075-04A-03014,L70.0
0720-055-04A-01001,L70.0
0720-091-04A-02006,L70.0
0720-055-04A-03001,L70.0
0720-055-04A-08001,L70.0
0720-091-04A-02004,L70.0
0720-027-04A-05003,L70.0
0720-055-04A-09001,L70.0
0720-027-04A-02006,L70.0
0720-027-04A-05006,L70.0
0720-051-04A-01001,L70.0
4634-027-04A-01003,L70.0
4634-075-04A-01003,L70.0
4634-075-04A-01006,L70.0
4634-006-04A-02006,L70.0
4634-051-04A-03001,L70.0
0657-075-04A-01014,L70.0
0657-055-04A-03001,L70.0
0657-055-04A-04001,L70.0
0657-055-04A-05001,L70.0
0657-075-04A-0600E,L70.0
0657-075-04A-0700F,L70.0
0657-055-04A-08001,L70.0
0657-075-04A-07014,L70.0
0657-0D7-04A-08001,L70.0
0657-0D1-04A-08001,L70.0
0657-0D7-04A-04001,L70.0
0657-0D7-04A-05001,L70.0
0657-0D7-04A-03001,L70.0
0657-055-04A-14001,L70.0
0657-055-04A-26001,L70.0
0657-051-04A-04001,L70.0
0657-011-04A-0100F,L70.0
0657-051-04A-05001,L70.0
0657-051-04A-29001,L70.0
5037-027-04A-0100E,L70.0
5037-055-04A-02001,L70.0
5037-055-04A-04001,L70.0
0657-050-033-1100A,L72.0
0657-050-033-11001,L72.0
5037-050-033-05001,L72.0
0720-193-033-05001,L72.0
0657-050-033-13001,L72.0
0657-050-033-1300A,L72.0
0720-04E-035-05001,L72.0
0657-04E-035-1000A,L72.0
0657-04E-035-1100A,L72.0
0657-027-04A-07014,L72.0
0657-027-04A-0600E,L72.0
0657-027-04A-01014,L72.0
0657-027-04A-0700A,L72.0
0657-027-04A-07064,L72.0
0657-027-04A-01064,L72.0
0657-027-04A-0600F,L72.0
0657-027-04A-0700E,L72.0
0657-027-04A-0100F,L72.0
5037-027-04A-03014,L72.0
5037-027-04A-0301C,L72.0
5037-075-04A-0100E,L72.0
5037-075-04A-03014,L72.0
0720-055-04A-01001,L72.0
0720-091-04A-02006,L72.0
0720-055-04A-03001,L72.0
0720-055-04A-08001,L72.0
0720-091-04A-02004,L72.0
0720-027-04A-05003,L72.0
0720-055-04A-09001,L72.0
0720-027-04A-02006,L72.0
0720-027-04A-05006,L72.0
0720-051-04A-01001,L72.0
4634-027-04A-01003,L72.0
4634-075-04A-01003,L72.0
4634-075-04A-01006,L72.0
4634-006-04A-02006,L72.0
4634-051-04A-03001,L72.0
0657-075-04A-01014,L72.0
0657-055-04A-03001,L72.0
0657-055-04A-04001,L72.0
0657-055-04A-05001,L72.0
0657-075-04A-0600E,L72.0
0657-075-04A-0700F,L72.0
0657-055-04A-08001,L72.0
0657-075-04A-07014,L72.0
0657-0D7-04A-08001,L72.0
0657-0D1-04A-08001,L72.0
0657-0D7-04A-04001,L72.0
0657-0D7-04A-05001,L72.0
0657-0D7-04A-03001,L72.0
0657-055-04A-14001,L72.0
0657-055-04A-26001,L72.0
0657-051-04A-04001,L72.0
0657-011-04A-0100F,L72.0
0657-051-04A-05001,L72.0
0657-051-04A-29001,L72.0
5037-027-04A-0100E,L72.0
5037-055-04A-02001,L72.0
5037-055-04A-04001,L72.0
0657-050-033-1100A,H65.02
0657-050-033-11001,H65.02
5037-050-033-05001,H65.02
0720-193-033-05001,H65.02
0657-050-033-13001,H65.02
0657-050-033-1300A,H65.02
0720-04E-035-05001,H65.02
0657-04E-035-1000A,H65.02
0657-04E-035-1100A,H65.02
0657-027-04A-07014,H65.02
0657-027-04A-0600E,H65.02
0657-027-04A-01014,H65.02
0657-027-04A-0700A,H65.02
0657-027-04A-07064,H65.02
0657-027-04A-01064,H65.02
0657-027-04A-0600F,H65.02
0657-027-04A-0700E,H65.02
0657-027-04A-0100F,H65.02
5037-027-04A-03014,H65.02
5037-027-04A-0301C,H65.02
5037-075-04A-0100E,H65.02
5037-075-04A-03014,H65.02
0720-055-04A-01001,H65.02
0720-091-04A-02006,H65.02
0720-055-04A-03001,H65.02
0720-055-04A-08001,H65.02
0720-091-04A-02004,H65.02
0720-027-04A-05003,H65.02
0720-055-04A-09001,H65.02
0720-027-04A-02006,H65.02
0720-027-04A-05006,H65.02
0720-051-04A-01001,H65.02
4634-027-04A-01003,H65.02
4634-075-04A-01003,H65.02
4634-075-04A-01006,H65.02
4634-006-04A-02006,H65.02
4634-051-04A-03001,H65.02
0657-075-04A-01014,H65.02
0657-055-04A-03001,H65.02
0657-055-04A-04001,H65.02
0657-055-04A-05001,H65.02
0657-075-04A-0600E,H65.02
0657-075-04A-0700F,H65.02
0657-055-04A-08001,H65.02
0657-075-04A-07014,H65.02
0657-0D7-04A-08001,H65.02
0657-0D1-04A-08001,H65.02
0657-0D7-04A-04001,H65.02
0657-0D7-04A-05001,H65.02
0657-0D7-04A-03001,H65.02
0657-055-04A-14001,H65.02
0657-055-04A-26001,H65.02
0657-051-04A-04001,H65.02
0657-011-04A-0100F,H65.02
0657-051-04A-05001,H65.02
0657-051-04A-29001,H65.02
5037-027-04A-0100E,H65.02
5037-055-04A-02001,H65.02
5037-055-04A-04001,H65.02
0657-050-033-1100A,R68.83
0657-050-033-11001,R68.83
5037-050-033-05001,R68.83
0720-193-033-05001,R68.83
0657-050-033-13001,R68.83
0657-050-033-1300A,R68.83
0720-04E-035-05001,R68.83
0657-04E-035-1000A,R68.83
0657-04E-035-1100A,R68.83
0657-027-04A-07014,R68.83
0657-027-04A-0600E,R68.83
0657-027-04A-01014,R68.83
0657-027-04A-0700A,R68.83
0657-027-04A-07064,R68.83
0657-027-04A-01064,R68.83
0657-027-04A-0600F,R68.83
0657-027-04A-0700E,R68.83
0657-027-04A-0100F,R68.83
5037-027-04A-03014,R68.83
5037-027-04A-0301C,R68.83
5037-075-04A-0100E,R68.83
5037-075-04A-03014,R68.83
0720-055-04A-01001,R68.83
0720-091-04A-02006,R68.83
0720-055-04A-03001,R68.83
0720-055-04A-08001,R68.83
0720-091-04A-02004,R68.83
0720-027-04A-05003,R68.83
0720-055-04A-09001,R68.83
0720-027-04A-02006,R68.83
0720-027-04A-05006,R68.83
0720-051-04A-01001,R68.83
4634-027-04A-01003,R68.83
4634-075-04A-01003,R68.83
4634-075-04A-01006,R68.83
4634-006-04A-02006,R68.83
4634-051-04A-03001,R68.83
0657-075-04A-01014,R68.83
0657-055-04A-03001,R68.83
0657-055-04A-04001,R68.83
0657-055-04A-05001,R68.83
0657-075-04A-0600E,R68.83
0657-075-04A-0700F,R68.83
0657-055-04A-08001,R68.83
0657-075-04A-07014,R68.83
0657-0D7-04A-08001,R68.83
0657-0D1-04A-08001,R68.83
0657-0D7-04A-04001,R68.83
0657-0D7-04A-05001,R68.83
0657-0D7-04A-03001,R68.83
0657-055-04A-14001,R68.83
0657-055-04A-26001,R68.83
0657-051-04A-04001,R68.83
0657-011-04A-0100F,R68.83
0657-051-04A-05001,R68.83
0657-051-04A-29001,R68.83
5037-027-04A-0100E,R68.83
5037-055-04A-02001,R68.83
5037-055-04A-04001,R68.83
0657-050-033-1100A,J32.0
0657-050-033-11001,J32.0
5037-050-033-05001,J32.0
0720-193-033-05001,J32.0
0657-050-033-13001,J32.0
0657-050-033-1300A,J32.0
0720-04E-035-05001,J32.0
0657-04E-035-1000A,J32.0
0657-04E-035-1100A,J32.0
0657-027-04A-07014,J32.0
0657-027-04A-0600E,J32.0
0657-027-04A-01014,J32.0
0657-027-04A-0700A,J32.0
0657-027-04A-07064,J32.0
0657-027-04A-01064,J32.0
0657-027-04A-0600F,J32.0
0657-027-04A-0700E,J32.0
0657-027-04A-0100F,J32.0
5037-027-04A-03014,J32.0
5037-027-04A-0301C,J32.0
5037-075-04A-0100E,J32.0
5037-075-04A-03014,J32.0
0720-055-04A-01001,J32.0
0720-091-04A-02006,J32.0
0720-055-04A-03001,J32.0
0720-055-04A-08001,J32.0
0720-091-04A-02004,J32.0
0720-027-04A-05003,J32.0
0720-055-04A-09001,J32.0
0720-027-04A-02006,J32.0
0720-027-04A-05006,J32.0
0720-051-04A-01001,J32.0
4634-027-04A-01003,J32.0
4634-075-04A-01003,J32.0
4634-075-04A-01006,J32.0
4634-006-04A-02006,J32.0
4634-051-04A-03001,J32.0
0657-075-04A-01014,J32.0
0657-055-04A-03001,J32.0
0657-055-04A-04001,J32.0
0657-055-04A-05001,J32.0
0657-075-04A-0600E,J32.0
0657-075-04A-0700F,J32.0
0657-055-04A-08001,J32.0
0657-075-04A-07014,J32.0
0657-0D7-04A-08001,J32.0
0657-0D1-04A-08001,J32.0
0657-0D7-04A-04001,J32.0
0657-0D7-04A-05001,J32.0
0657-0D7-04A-03001,J32.0
0657-055-04A-14001,J32.0
0657-055-04A-26001,J32.0
0657-051-04A-04001,J32.0
0657-011-04A-0100F,J32.0
0657-051-04A-05001,J32.0
0657-051-04A-29001,J32.0
5037-027-04A-0100E,J32.0
5037-055-04A-02001,J32.0
5037-055-04A-04001,J32.0
0657-050-033-1100A,R50.9
0657-050-033-11001,R50.9
5037-050-033-05001,R50.9
0720-193-033-05001,R50.9
0657-050-033-13001,R50.9
0657-050-033-1300A,R50.9
0720-04E-035-05001,R50.9
0657-04E-035-1000A,R50.9
0657-04E-035-1100A,R50.9
0657-027-04A-07014,R50.9
0657-027-04A-0600E,R50.9
0657-027-04A-01014,R50.9
0657-027-04A-0700A,R50.9
0657-027-04A-07064,R50.9
0657-027-04A-01064,R50.9
0657-027-04A-0600F,R50.9
0657-027-04A-0700E,R50.9
0657-027-04A-0100F,R50.9
5037-027-04A-03014,R50.9
5037-027-04A-0301C,R50.9
5037-075-04A-0100E,R50.9
5037-075-04A-03014,R50.9
0720-055-04A-01001,R50.9
0720-091-04A-02006,R50.9
0720-055-04A-03001,R50.9
0720-055-04A-08001,R50.9
0720-091-04A-02004,R50.9
0720-027-04A-05003,R50.9
0720-055-04A-09001,R50.9
0720-027-04A-02006,R50.9
0720-027-04A-05006,R50.9
0720-051-04A-01001,R50.9
4634-027-04A-01003,R50.9
4634-075-04A-01003,R50.9
4634-075-04A-01006,R50.9
4634-006-04A-02006,R50.9
4634-051-04A-03001,R50.9
0657-075-04A-01014,R50.9
0657-055-04A-03001,R50.9
0657-055-04A-04001,R50.9
0657-055-04A-05001,R50.9
0657-075-04A-0600E,R50.9
0657-075-04A-0700F,R50.9
0657-055-04A-08001,R50.9
0657-075-04A-07014,R50.9
0657-0D7-04A-08001,R50.9
0657-0D1-04A-08001,R50.9
0657-0D7-04A-04001,R50.9
0657-0D7-04A-05001,R50.9
0657-0D7-04A-03001,R50.9
0657-055-04A-14001,R50.9
0657-055-04A-26001,R50.9
0657-051-04A-04001,R50.9
0657-011-04A-0100F,R50.9
0657-051-04A-05001,R50.9
0657-051-04A-29001,R50.9
5037-027-04A-0100E,R50.9
5037-055-04A-02001,R50.9
5037-055-04A-04001,R50.9
0657-050-033-1100A,J01.81
0657-050-033-11001,J01.81
5037-050-033-05001,J01.81
0720-193-033-05001,J01.81
0657-050-033-13001,J01.81
0657-050-033-1300A,J01.81
0720-04E-035-05001,J01.81
0657-04E-035-1000A,J01.81
0657-04E-035-1100A,J01.81
0657-027-04A-07014,J01.81
0657-027-04A-0600E,J01.81
0657-027-04A-01014,J01.81
0657-027-04A-0700A,J01.81
0657-027-04A-07064,J01.81
0657-027-04A-01064,J01.81
0657-027-04A-0600F,J01.81
0657-027-04A-0700E,J01.81
0657-027-04A-0100F,J01.81
5037-027-04A-03014,J01.81
5037-027-04A-0301C,J01.81
5037-075-04A-0100E,J01.81
5037-075-04A-03014,J01.81
0720-055-04A-01001,J01.81
0720-091-04A-02006,J01.81
0720-055-04A-03001,J01.81
0720-055-04A-08001,J01.81
0720-091-04A-02004,J01.81
0720-027-04A-05003,J01.81
0720-055-04A-09001,J01.81
0720-027-04A-02006,J01.81
0720-027-04A-05006,J01.81
0720-051-04A-01001,J01.81
4634-027-04A-01003,J01.81
4634-075-04A-01003,J01.81
4634-075-04A-01006,J01.81
4634-006-04A-02006,J01.81
4634-051-04A-03001,J01.81
0657-075-04A-01014,J01.81
0657-055-04A-03001,J01.81
0657-055-04A-04001,J01.81
0657-055-04A-05001,J01.81
0657-075-04A-0600E,J01.81
0657-075-04A-0700F,J01.81
0657-055-04A-08001,J01.81
0657-075-04A-07014,J01.81
0657-0D7-04A-08001,J01.81
0657-0D1-04A-08001,J01.81
0657-0D7-04A-04001,J01.81
0657-0D7-04A-05001,J01.81
0657-0D7-04A-03001,J01.81
0657-055-04A-14001,J01.81
0657-055-04A-26001,J01.81
0657-051-04A-04001,J01.81
0657-011-04A-0100F,J01.81
0657-051-04A-05001,J01.81
0657-051-04A-29001,J01.81
5037-027-04A-0100E,J01.81
5037-055-04A-02001,J01.81
5037-055-04A-04001,J01.81
0657-050-033-1100A,J32.8
0657-050-033-11001,J32.8
5037-050-033-05001,J32.8
0720-193-033-05001,J32.8
0657-050-033-13001,J32.8
0657-050-033-1300A,J32.8
0720-04E-035-05001,J32.8
0657-04E-035-1000A,J32.8
0657-04E-035-1100A,J32.8
0657-027-04A-07014,J32.8
0657-027-04A-0600E,J32.8
0657-027-04A-01014,J32.8
0657-027-04A-0700A,J32.8
0657-027-04A-07064,J32.8
0657-027-04A-01064,J32.8
0657-027-04A-0600F,J32.8
0657-027-04A-0700E,J32.8
0657-027-04A-0100F,J32.8
5037-027-04A-03014,J32.8
5037-027-04A-0301C,J32.8
5037-075-04A-0100E,J32.8
5037-075-04A-03014,J32.8
0720-055-04A-01001,J32.8
0720-091-04A-02006,J32.8
0720-055-04A-03001,J32.8
0720-055-04A-08001,J32.8
0720-091-04A-02004,J32.8
0720-027-04A-05003,J32.8
0720-055-04A-09001,J32.8
0720-027-04A-02006,J32.8
0720-027-04A-05006,J32.8
0720-051-04A-01001,J32.8
4634-027-04A-01003,J32.8
4634-075-04A-01003,J32.8
4634-075-04A-01006,J32.8
4634-006-04A-02006,J32.8
4634-051-04A-03001,J32.8
0657-075-04A-01014,J32.8
0657-055-04A-03001,J32.8
0657-055-04A-04001,J32.8
0657-055-04A-05001,J32.8
0657-075-04A-0600E,J32.8
0657-075-04A-0700F,J32.8
0657-055-04A-08001,J32.8
0657-075-04A-07014,J32.8
0657-0D7-04A-08001,J32.8
0657-0D1-04A-08001,J32.8
0657-0D7-04A-04001,J32.8
0657-0D7-04A-05001,J32.8
0657-0D7-04A-03001,J32.8
0657-055-04A-14001,J32.8
0657-055-04A-26001,J32.8
0657-051-04A-04001,J32.8
0657-011-04A-0100F,J32.8
0657-051-04A-05001,J32.8
0657-051-04A-29001,J32.8
5037-027-04A-0100E,J32.8
5037-055-04A-02001,J32.8
5037-055-04A-04001,J32.8
0657-050-033-1100A,J22
0657-050-033-11001,J22
5037-050-033-05001,J22
0720-193-033-05001,J22
0657-050-033-13001,J22
0657-050-033-1300A,J22
0720-04E-035-05001,J22
0657-04E-035-1000A,J22
0657-04E-035-1100A,J22
0657-027-04A-07014,J22
0657-027-04A-0600E,J22
0657-027-04A-01014,J22
0657-027-04A-0700A,J22
0657-027-04A-07064,J22
0657-027-04A-01064,J22
0657-027-04A-0600F,J22
0657-027-04A-0700E,J22
0657-027-04A-0100F,J22
5037-027-04A-03014,J22
5037-027-04A-0301C,J22
5037-075-04A-0100E,J22
5037-075-04A-03014,J22
0720-055-04A-01001,J22
0720-091-04A-02006,J22
0720-055-04A-03001,J22
0720-055-04A-08001,J22
0720-091-04A-02004,J22
0720-027-04A-05003,J22
0720-055-04A-09001,J22
0720-027-04A-02006,J22
0720-027-04A-05006,J22
0720-051-04A-01001,J22
4634-027-04A-01003,J22
4634-075-04A-01003,J22
4634-075-04A-01006,J22
4634-006-04A-02006,J22
4634-051-04A-03001,J22
0657-075-04A-01014,J22
0657-055-04A-03001,J22
0657-055-04A-04001,J22
0657-055-04A-05001,J22
0657-075-04A-0600E,J22
0657-075-04A-0700F,J22
0657-055-04A-08001,J22
0657-075-04A-07014,J22
0657-0D7-04A-08001,J22
0657-0D1-04A-08001,J22
0657-0D7-04A-04001,J22
0657-0D7-04A-05001,J22
0657-0D7-04A-03001,J22
0657-055-04A-14001,J22
0657-055-04A-26001,J22
0657-051-04A-04001,J22
0657-011-04A-0100F,J22
0657-051-04A-05001,J22
0657-051-04A-29001,J22
5037-027-04A-0100E,J22
5037-055-04A-02001,J22
5037-055-04A-04001,J22
0720-193-033-05001,J06.0
0720-04E-035-05001,J06.0
0720-055-04A-01001,J06.0
0720-091-04A-02006,J06.0
0720-055-04A-03001,J06.0
0720-055-04A-08001,J06.0
0720-091-04A-02004,J06.0
0720-027-04A-05003,J06.0
0720-055-04A-09001,J06.0
0720-027-04A-02006,J06.0
0720-027-04A-05006,J06.0
0720-051-04A-01001,J06.0
4634-027-04A-01003,J06.0
4634-075-04A-01003,J06.0
4634-075-04A-01006,J06.0
4634-006-04A-02006,J06.0
4634-051-04A-03001,J06.0
0720-193-033-05001,J02.9
0720-04E-035-05001,J02.9
0720-055-04A-01001,J02.9
0720-091-04A-02006,J02.9
0720-055-04A-03001,J02.9
0720-055-04A-08001,J02.9
0720-091-04A-02004,J02.9
0720-027-04A-05003,J02.9
0720-055-04A-09001,J02.9
0720-027-04A-02006,J02.9
0720-027-04A-05006,J02.9
0720-051-04A-01001,J02.9
4634-027-04A-01003,J02.9
4634-075-04A-01003,J02.9
4634-075-04A-01006,J02.9
4634-006-04A-02006,J02.9
4634-051-04A-03001,J02.9
0720-193-033-05001,A54.9
0720-04E-035-05001,A54.9
0720-055-04A-01001,A54.9
0720-091-04A-02006,A54.9
0720-055-04A-03001,A54.9
0720-055-04A-08001,A54.9
0720-091-04A-02004,A54.9
0720-027-04A-05003,A54.9
0720-055-04A-09001,A54.9
0720-027-04A-02006,A54.9
0720-027-04A-05006,A54.9
0720-051-04A-01001,A54.9
4634-027-04A-01003,A54.9
4634-075-04A-01003,A54.9
4634-075-04A-01006,A54.9
4634-006-04A-02006,A54.9
4634-051-04A-03001,A54.9
0720-193-033-05001,A54.84
0720-04E-035-05001,A54.84
0720-055-04A-01001,A54.84
0720-091-04A-02006,A54.84
0720-055-04A-03001,A54.84
0720-055-04A-08001,A54.84
0720-091-04A-02004,A54.84
0720-027-04A-05003,A54.84
0720-055-04A-09001,A54.84
0720-027-04A-02006,A54.84
0720-027-04A-05006,A54.84
0720-051-04A-01001,A54.84
4634-027-04A-01003,A54.84
4634-075-04A-01003,A54.84
4634-075-04A-01006,A54.84
4634-006-04A-02006,A54.84
4634-051-04A-03001,A54.84
0720-042-048-11001,H10.021
0720-14B-048-12006,H10.021
0657-050-033-1100A,K05.01
0657-050-033-11001,K05.01
5037-050-033-05001,K05.01
0720-193-033-05001,K05.01
0657-050-033-13001,K05.01
0657-050-033-1300A,K05.01
0610-066-033-12004,K05.01
0610-064-035-18001,K05.01
0610-066-033-20005,K05.01
0610-064-033-21014,K05.01
0610-064-033-18001,K05.01
0720-04E-035-05001,K05.01
0657-04E-035-1000A,K05.01
0657-04E-035-1100A,K05.01
0657-027-04A-07014,K05.01
0657-027-04A-0600E,K05.01
0657-027-04A-01014,K05.01
0657-027-04A-0700A,K05.01
0657-027-04A-07064,K05.01
0657-027-04A-01064,K05.01
0657-027-04A-0600F,K05.01
0657-027-04A-0700E,K05.01
0657-027-04A-0100F,K05.01
5037-027-04A-03014,K05.01
5037-027-04A-0301C,K05.01
5037-075-04A-0100E,K05.01
5037-075-04A-03014,K05.01
0720-055-04A-01001,K05.01
0720-091-04A-02006,K05.01
0720-055-04A-03001,K05.01
0720-055-04A-08001,K05.01
0720-091-04A-02004,K05.01
0720-027-04A-05003,K05.01
0720-055-04A-09001,K05.01
0720-027-04A-02006,K05.01
0720-027-04A-05006,K05.01
0720-051-04A-01001,K05.01
4634-027-04A-01003,K05.01
4634-075-04A-01003,K05.01
4634-075-04A-01006,K05.01
4634-006-04A-02006,K05.01
4634-051-04A-03001,K05.01
0657-075-04A-01014,K05.01
0657-055-04A-03001,K05.01
0657-055-04A-04001,K05.01
0657-055-04A-05001,K05.01
0657-075-04A-0600E,K05.01
0657-075-04A-0700F,K05.01
0657-055-04A-08001,K05.01
0657-075-04A-07014,K05.01
0657-0D7-04A-08001,K05.01
0657-0D1-04A-08001,K05.01
0657-0D7-04A-04001,K05.01
0657-0D7-04A-05001,K05.01
0657-0D7-04A-03001,K05.01
0657-055-04A-14001,K05.01
0657-055-04A-26001,K05.01
0657-051-04A-04001,K05.01
0657-011-04A-0100F,K05.01
0657-051-04A-05001,K05.01
0657-051-04A-29001,K05.01
0610-075-04A-02018,K05.01
0610-075-04A-01018,K05.01
0610-075-04A-020FA,K05.01
0610-075-04A-011F4,K05.01
0610-075-04A-01019,K05.01
0610-075-04A-01064,K05.01
0610-075-04A-03014,K05.01
0610-075-04A-021F4,K05.01
0610-075-04A-02014,K05.01
0610-075-04A-01014,K05.01
0610-075-04A-031F4,K05.01
0610-027-04A-03014,K05.01
0610-06F-04A-04001,K05.01
0610-027-04A-02014,K05.01
0610-091-04A-0701E,K05.01
0610-027-04A-0201E,K05.01
0610-027-04A-02032,K05.01
0610-0F2-04A-04001,K05.01
0610-027-04A-03032,K05.01
0610-027-04A-01032,K05.01
0610-027-04A-01014,K05.01
0610-075-04A-0101E,K05.01
0610-027-04A-0101E,K05.01
0610-027-04A-013E8,K05.01
0610-027-04A-021F4,K05.01
0610-074-04A-04001,K05.01
0610-094-04A-01010,K05.01
0610-027-04A-023E8,K05.01
0610-075-04A-03028,K05.01
0610-075-04A-030FA,K05.01
0610-075-04A-020F0,K05.01
0610-075-04A-023E8,K05.01
0610-075-04A-010FA,K05.01
0610-075-04A-013E8,K05.01
0610-075-04A-0301E,K05.01
0610-075-04A-0201E,K05.01
0610-075-04A-02064,K05.01
0610-075-04A-03064,K05.01
0610-006-04A-02032,K05.01
0610-019-04A-03014,K05.01
0610-00B-04A-01032,K05.01
0610-00B-04A-01018,K05.01
0610-094-04A-01020,K05.01
0610-027-04A-0301E,K05.01
0610-072-04A-05014,K05.01
0610-0F0-04A-01018,K05.01
0610-075-04A-02078,K05.01
0610-019-04A-0301E,K05.01
0610-061-04A-02014,K05.01
0610-075-04A-0200F,K05.01
0610-0A3-04A-09001,K05.01
0610-024-04A-0301E,K05.01
0610-0D2-04A-04001,K05.01
0610-061-04A-0301E,K05.01
0610-006-04A-02014,K05.01
5037-027-04A-0100E,K05.01
5037-055-04A-02001,K05.01
5037-055-04A-04001,K05.01
0657-050-033-1100A,K05.30
0657-050-033-11001,K05.30
5037-050-033-05001,K05.30
0720-193-033-05001,K05.30
0657-050-033-13001,K05.30
0657-050-033-1300A,K05.30
0610-066-033-12004,K05.30
0610-064-035-18001,K05.30
0610-066-033-20005,K05.30
0610-064-033-21014,K05.30
0610-064-033-18001,K05.30
0720-04E-035-05001,K05.30
0657-04E-035-1000A,K05.30
0657-04E-035-1100A,K05.30
0657-027-04A-07014,K05.30
0657-027-04A-0600E,K05.30
0657-027-04A-01014,K05.30
0657-027-04A-0700A,K05.30
0657-027-04A-07064,K05.30
0657-027-04A-01064,K05.30
0657-027-04A-0600F,K05.30
0657-027-04A-0700E,K05.30
0657-027-04A-0100F,K05.30
5037-027-04A-03014,K05.30
5037-027-04A-0301C,K05.30
5037-075-04A-0100E,K05.30
5037-075-04A-03014,K05.30
0720-055-04A-01001,K05.30
0720-091-04A-02006,K05.30
0720-055-04A-03001,K05.30
0720-055-04A-08001,K05.30
0720-091-04A-02004,K05.30
0720-027-04A-05003,K05.30
0720-055-04A-09001,K05.30
0720-027-04A-02006,K05.30
0720-027-04A-05006,K05.30
0720-051-04A-01001,K05.30
4634-027-04A-01003,K05.30
4634-075-04A-01003,K05.30
4634-075-04A-01006,K05.30
4634-006-04A-02006,K05.30
4634-051-04A-03001,K05.30
0657-075-04A-01014,K05.30
0657-055-04A-03001,K05.30
0657-055-04A-04001,K05.30
0657-055-04A-05001,K05.30
0657-075-04A-0600E,K05.30
0657-075-04A-0700F,K05.30
0657-055-04A-08001,K05.30
0657-075-04A-07014,K05.30
0657-0D7-04A-08001,K05.30
0657-0D1-04A-08001,K05.30
0657-0D7-04A-04001,K05.30
0657-0D7-04A-05001,K05.30
0657-0D7-04A-03001,K05.30
0657-055-04A-14001,K05.30
0657-055-04A-26001,K05.30
0657-051-04A-04001,K05.30
0657-011-04A-0100F,K05.30
0657-051-04A-05001,K05.30
0657-051-04A-29001,K05.30
0610-075-04A-02018,K05.30
0610-075-04A-01018,K05.30
0610-075-04A-020FA,K05.30
0610-075-04A-011F4,K05.30
0610-075-04A-01019,K05.30
0610-075-04A-01064,K05.30
0610-075-04A-03014,K05.30
0610-075-04A-021F4,K05.30
0610-075-04A-02014,K05.30
0610-075-04A-01014,K05.30
0610-075-04A-031F4,K05.30
0610-027-04A-03014,K05.30
0610-06F-04A-04001,K05.30
0610-027-04A-02014,K05.30
0610-091-04A-0701E,K05.30
0610-027-04A-0201E,K05.30
0610-027-04A-02032,K05.30
0610-0F2-04A-04001,K05.30
0610-027-04A-03032,K05.30
0610-027-04A-01032,K05.30
0610-027-04A-01014,K05.30
0610-075-04A-0101E,K05.30
0610-027-04A-0101E,K05.30
0610-027-04A-013E8,K05.30
0610-027-04A-021F4,K05.30
0610-074-04A-04001,K05.30
0610-094-04A-01010,K05.30
0610-027-04A-023E8,K05.30
0610-075-04A-03028,K05.30
0610-075-04A-030FA,K05.30
0610-075-04A-020F0,K05.30
0610-075-04A-023E8,K05.30
0610-075-04A-010FA,K05.30
0610-075-04A-013E8,K05.30
0610-075-04A-0301E,K05.30
0610-075-04A-0201E,K05.30
0610-075-04A-02064,K05.30
0610-075-04A-03064,K05.30
0610-006-04A-02032,K05.30
0610-019-04A-03014,K05.30
0610-00B-04A-01032,K05.30
0610-00B-04A-01018,K05.30
0610-094-04A-01020,K05.30
0610-027-04A-0301E,K05.30
0610-072-04A-05014,K05.30
0610-0F0-04A-01018,K05.30
0610-075-04A-02078,K05.30
0610-019-04A-0301E,K05.30
0610-061-04A-02014,K05.30
0610-075-04A-0200F,K05.30
0610-0A3-04A-09001,K05.30
0610-024-04A-0301E,K05.30
0610-0D2-04A-04001,K05.30
0610-061-04A-0301E,K05.30
0610-006-04A-02014,K05.30
5037-027-04A-0100E,K05.30
5037-055-04A-02001,K05.30
5037-055-04A-04001,K05.30
0657-050-033-1100A,K02.9
0657-050-033-11001,K02.9
5037-050-033-05001,K02.9
0720-193-033-05001,K02.9
0657-050-033-13001,K02.9
0657-050-033-1300A,K02.9
0610-066-033-12004,K02.9
0610-064-035-18001,K02.9
0610-066-033-20005,K02.9
0610-064-033-21014,K02.9
0610-064-033-18001,K02.9
0720-04E-035-05001,K02.9
0657-04E-035-1000A,K02.9
0657-04E-035-1100A,K02.9
0657-027-04A-07014,K02.9
0657-027-04A-0600E,K02.9
0657-027-04A-01014,K02.9
0657-027-04A-0700A,K02.9
0657-027-04A-07064,K02.9
0657-027-04A-01064,K02.9
0657-027-04A-0600F,K02.9
0657-027-04A-0700E,K02.9
0657-027-04A-0100F,K02.9
5037-027-04A-03014,K02.9
5037-027-04A-0301C,K02.9
5037-075-04A-0100E,K02.9
5037-075-04A-03014,K02.9
0720-055-04A-01001,K02.9
0720-091-04A-02006,K02.9
0720-055-04A-03001,K02.9
0720-055-04A-08001,K02.9
0720-091-04A-02004,K02.9
0720-027-04A-05003,K02.9
0720-055-04A-09001,K02.9
0720-027-04A-02006,K02.9
0720-027-04A-05006,K02.9
0720-051-04A-01001,K02.9
4634-027-04A-01003,K02.9
4634-075-04A-01003,K02.9
4634-075-04A-01006,K02.9
4634-006-04A-02006,K02.9
4634-051-04A-03001,K02.9
0657-075-04A-01014,K02.9
0657-055-04A-03001,K02.9
0657-055-04A-04001,K02.9
0657-055-04A-05001,K02.9
0657-075-04A-0600E,K02.9
0657-075-04A-0700F,K02.9
0657-055-04A-08001,K02.9
0657-075-04A-07014,K02.9
0657-0D7-04A-08001,K02.9
0657-0D1-04A-08001,K02.9
0657-0D7-04A-04001,K02.9
0657-0D7-04A-05001,K02.9
0657-0D7-04A-03001,K02.9
0657-055-04A-14001,K02.9
0657-055-04A-26001,K02.9
0657-051-04A-04001,K02.9
0657-011-04A-0100F,K02.9
0657-051-04A-05001,K02.9
0657-051-04A-29001,K02.9
0610-075-04A-02018,K02.9
0610-075-04A-01018,K02.9
0610-075-04A-020FA,K02.9
0610-075-04A-011F4,K02.9
0610-075-04A-01019,K02.9
0610-075-04A-01064,K02.9
0610-075-04A-03014,K02.9
0610-075-04A-021F4,K02.9
0610-075-04A-02014,K02.9
0610-075-04A-01014,K02.9
0610-075-04A-031F4,K02.9
0610-027-04A-03014,K02.9
0610-06F-04A-04001,K02.9
0610-027-04A-02014,K02.9
0610-091-04A-0701E,K02.9
0610-027-04A-0201E,K02.9
0610-027-04A-02032,K02.9
0610-0F2-04A-04001,K02.9
0610-027-04A-03032,K02.9
0610-027-04A-01032,K02.9
0610-027-04A-01014,K02.9
0610-075-04A-0101E,K02.9
0610-027-04A-0101E,K02.9
0610-027-04A-013E8,K02.9
0610-027-04A-021F4,K02.9
0610-074-04A-04001,K02.9
0610-094-04A-01010,K02.9
0610-027-04A-023E8,K02.9
0610-075-04A-03028,K02.9
0610-075-04A-030FA,K02.9
0610-075-04A-020F0,K02.9
0610-075-04A-023E8,K02.9
0610-075-04A-010FA,K02.9
0610-075-04A-013E8,K02.9
0610-075-04A-0301E,K02.9
0610-075-04A-0201E,K02.9
0610-075-04A-02064,K02.9
0610-075-04A-03064,K02.9
0610-006-04A-02032,K02.9
0610-019-04A-03014,K02.9
0610-00B-04A-01032,K02.9
0610-00B-04A-01018,K02.9
0610-094-04A-01020,K02.9
0610-027-04A-0301E,K02.9
0610-072-04A-05014,K02.9
0610-0F0-04A-01018,K02.9
0610-075-04A-02078,K02.9
0610-019-04A-0301E,K02.9
0610-061-04A-02014,K02.9
0610-075-04A-0200F,K02.9
0610-0A3-04A-09001,K02.9
0610-024-04A-0301E,K02.9
0610-0D2-04A-04001,K02.9
0610-061-04A-0301E,K02.9
0610-006-04A-02014,K02.9
5037-027-04A-0100E,K02.9
5037-055-04A-02001,K02.9
5037-055-04A-04001,K02.9
0657-050-033-1100A,K02.7
0657-050-033-11001,K02.7
5037-050-033-05001,K02.7
0720-193-033-05001,K02.7
0657-050-033-13001,K02.7
0657-050-033-1300A,K02.7
0610-066-033-12004,K02.7
0610-064-035-18001,K02.7
0610-066-033-20005,K02.7
0610-064-033-21014,K02.7
0610-064-033-18001,K02.7
0720-04E-035-05001,K02.7
0657-04E-035-1000A,K02.7
0657-04E-035-1100A,K02.7
0657-027-04A-07014,K02.7
0657-027-04A-0600E,K02.7
0657-027-04A-01014,K02.7
0657-027-04A-0700A,K02.7
0657-027-04A-07064,K02.7
0657-027-04A-01064,K02.7
0657-027-04A-0600F,K02.7
0657-027-04A-0700E,K02.7
0657-027-04A-0100F,K02.7
5037-027-04A-03014,K02.7
5037-027-04A-0301C,K02.7
5037-075-04A-0100E,K02.7
5037-075-04A-03014,K02.7
0720-055-04A-01001,K02.7
0720-091-04A-02006,K02.7
0720-055-04A-03001,K02.7
0720-055-04A-08001,K02.7
0720-091-04A-02004,K02.7
0720-027-04A-05003,K02.7
0720-055-04A-09001,K02.7
0720-027-04A-02006,K02.7
0720-027-04A-05006,K02.7
0720-051-04A-01001,K02.7
4634-027-04A-01003,K02.7
4634-075-04A-01003,K02.7
4634-075-04A-01006,K02.7
4634-006-04A-02006,K02.7
4634-051-04A-03001,K02.7
0657-075-04A-01014,K02.7
0657-055-04A-03001,K02.7
0657-055-04A-04001,K02.7
0657-055-04A-05001,K02.7
0657-075-04A-0600E,K02.7
0657-075-04A-0700F,K02.7
0657-055-04A-08001,K02.7
0657-075-04A-07014,K02.7
0657-0D7-04A-08001,K02.7
0657-0D1-04A-08001,K02.7
0657-0D7-04A-04001,K02.7
0657-0D7-04A-05001,K02.7
0657-0D7-04A-03001,K02.7
0657-055-04A-14001,K02.7
0657-055-04A-26001,K02.7
0657-051-04A-04001,K02.7
0657-011-04A-0100F,K02.7
0657-051-04A-05001,K02.7
0657-051-04A-29001,K02.7
0610-075-04A-02018,K02.7
0610-075-04A-01018,K02.7
0610-075-04A-020FA,K02.7
0610-075-04A-011F4,K02.7
0610-075-04A-01019,K02.7
0610-075-04A-01064,K02.7
0610-075-04A-03014,K02.7
0610-075-04A-021F4,K02.7
0610-075-04A-02014,K02.7
0610-075-04A-01014,K02.7
0610-075-04A-031F4,K02.7
0610-027-04A-03014,K02.7
0610-06F-04A-04001,K02.7
0610-027-04A-02014,K02.7
0610-091-04A-0701E,K02.7
0610-027-04A-0201E,K02.7
0610-027-04A-02032,K02.7
0610-0F2-04A-04001,K02.7
0610-027-04A-03032,K02.7
0610-027-04A-01032,K02.7
0610-027-04A-01014,K02.7
0610-075-04A-0101E,K02.7
0610-027-04A-0101E,K02.7
0610-027-04A-013E8,K02.7
0610-027-04A-021F4,K02.7
0610-074-04A-04001,K02.7
0610-094-04A-01010,K02.7
0610-027-04A-023E8,K02.7
0610-075-04A-03028,K02.7
0610-075-04A-030FA,K02.7
0610-075-04A-020F0,K02.7
0610-075-04A-023E8,K02.7
0610-075-04A-010FA,K02.7
0610-075-04A-013E8,K02.7
0610-075-04A-0301E,K02.7
0610-075-04A-0201E,K02.7
0610-075-04A-02064,K02.7
0610-075-04A-03064,K02.7
0610-006-04A-02032,K02.7
0610-019-04A-03014,K02.7
0610-00B-04A-01032,K02.7
0610-00B-04A-01018,K02.7
0610-094-04A-01020,K02.7
0610-027-04A-0301E,K02.7
0610-072-04A-05014,K02.7
0610-0F0-04A-01018,K02.7
0610-075-04A-02078,K02.7
0610-019-04A-0301E,K02.7
0610-061-04A-02014,K02.7
0610-075-04A-0200F,K02.7
0610-0A3-04A-09001,K02.7
0610-024-04A-0301E,K02.7
0610-0D2-04A-04001,K02.7
0610-061-04A-0301E,K02.7
0610-006-04A-02014,K02.7
5037-027-04A-0100E,K02.7
5037-055-04A-02001,K02.7
5037-055-04A-04001,K02.7
0657-050-033-1100A,K01.1
0657-050-033-11001,K01.1
5037-050-033-05001,K01.1
0720-193-033-05001,K01.1
0657-050-033-13001,K01.1
0657-050-033-1300A,K01.1
0610-066-033-12004,K01.1
0610-064-035-18001,K01.1
0610-066-033-20005,K01.1
0610-064-033-21014,K01.1
0610-064-033-18001,K01.1
0720-04E-035-05001,K01.1
0657-04E-035-1000A,K01.1
0657-04E-035-1100A,K01.1
0657-027-04A-07014,K01.1
0657-027-04A-0600E,K01.1
0657-027-04A-01014,K01.1
0657-027-04A-0700A,K01.1
0657-027-04A-07064,K01.1
0657-027-04A-01064,K01.1
0657-027-04A-0600F,K01.1
0657-027-04A-0700E,K01.1
0657-027-04A-0100F,K01.1
5037-027-04A-03014,K01.1
5037-027-04A-0301C,K01.1
5037-075-04A-0100E,K01.1
5037-075-04A-03014,K01.1
0720-055-04A-01001,K01.1
0720-091-04A-02006,K01.1
0720-055-04A-03001,K01.1
0720-055-04A-08001,K01.1
0720-091-04A-02004,K01.1
0720-027-04A-05003,K01.1
0720-055-04A-09001,K01.1
0720-027-04A-02006,K01.1
0720-027-04A-05006,K01.1
0720-051-04A-01001,K01.1
4634-027-04A-01003,K01.1
4634-075-04A-01003,K01.1
4634-075-04A-01006,K01.1
4634-006-04A-02006,K01.1
4634-051-04A-03001,K01.1
0657-075-04A-01014,K01.1
0657-055-04A-03001,K01.1
0657-055-04A-04001,K01.1
0657-055-04A-05001,K01.1
0657-075-04A-0600E,K01.1
0657-075-04A-0700F,K01.1
0657-055-04A-08001,K01.1
0657-075-04A-07014,K01.1
0657-0D7-04A-08001,K01.1
0657-0D1-04A-08001,K01.1
0657-0D7-04A-04001,K01.1
0657-0D7-04A-05001,K01.1
0657-0D7-04A-03001,K01.1
0657-055-04A-14001,K01.1
0657-055-04A-26001,K01.1
0657-051-04A-04001,K01.1
0657-011-04A-0100F,K01.1
0657-051-04A-05001,K01.1
0657-051-04A-29001,K01.1
0610-075-04A-02018,K01.1
0610-075-04A-01018,K01.1
0610-075-04A-020FA,K01.1
0610-075-04A-011F4,K01.1
0610-075-04A-01019,K01.1
0610-075-04A-01064,K01.1
0610-075-04A-03014,K01.1
0610-075-04A-021F4,K01.1
0610-075-04A-02014,K01.1
0610-075-04A-01014,K01.1
0610-075-04A-031F4,K01.1
0610-027-04A-03014,K01.1
0610-06F-04A-04001,K01.1
0610-027-04A-02014,K01.1
0610-091-04A-0701E,K01.1
0610-027-04A-0201E,K01.1
0610-027-04A-02032,K01.1
0610-0F2-04A-04001,K01.1
0610-027-04A-03032,K01.1
0610-027-04A-01032,K01.1
0610-027-04A-01014,K01.1
0610-075-04A-0101E,K01.1
0610-027-04A-0101E,K01.1
0610-027-04A-013E8,K01.1
0610-027-04A-021F4,K01.1
0610-074-04A-04001,K01.1
0610-094-04A-01010,K01.1
0610-027-04A-023E8,K01.1
0610-075-04A-03028,K01.1
0610-075-04A-030FA,K01.1
0610-075-04A-020F0,K01.1
0610-075-04A-023E8,K01.1
0610-075-04A-010FA,K01.1
0610-075-04A-013E8,K01.1
0610-075-04A-0301E,K01.1
0610-075-04A-0201E,K01.1
0610-075-04A-02064,K01.1
0610-075-04A-03064,K01.1
0610-006-04A-02032,K01.1
0610-019-04A-03014,K01.1
0610-00B-04A-01032,K01.1
0610-00B-04A-01018,K01.1
0610-094-04A-01020,K01.1
0610-027-04A-0301E,K01.1
0610-072-04A-05014,K01.1
0610-0F0-04A-01018,K01.1
0610-075-04A-02078,K01.1
0610-019-04A-0301E,K01.1
0610-061-04A-02014,K01.1
0610-075-04A-0200F,K01.1
0610-0A3-04A-09001,K01.1
0610-024-04A-0301E,K01.1
0610-0D2-04A-04001,K01.1
0610-061-04A-0301E,K01.1
0610-006-04A-02014,K01.1
5037-027-04A-0100E,K01.1
5037-055-04A-02001,K01.1
5037-055-04A-04001,K01.1
0657-050-033-1100A,K05.5
0657-050-033-11001,K05.5
5037-050-033-05001,K05.5
0720-193-033-05001,K05.5
0657-050-033-13001,K05.5
0657-050-033-1300A,K05.5
0610-066-033-12004,K05.5
0610-064-035-18001,K05.5
0610-066-033-20005,K05.5
0610-064-033-21014,K05.5
0610-064-033-18001,K05.5
0720-04E-035-05001,K05.5
0657-04E-035-1000A,K05.5
0657-04E-035-1100A,K05.5
0657-027-04A-07014,K05.5
0657-027-04A-0600E,K05.5
0657-027-04A-01014,K05.5
0657-027-04A-0700A,K05.5
0657-027-04A-07064,K05.5
0657-027-04A-01064,K05.5
0657-027-04A-0600F,K05.5
0657-027-04A-0700E,K05.5
0657-027-04A-0100F,K05.5
5037-027-04A-03014,K05.5
5037-027-04A-0301C,K05.5
5037-075-04A-0100E,K05.5
5037-075-04A-03014,K05.5
0720-055-04A-01001,K05.5
0720-091-04A-02006,K05.5
0720-055-04A-03001,K05.5
0720-055-04A-08001,K05.5
0720-091-04A-02004,K05.5
0720-027-04A-05003,K05.5
0720-055-04A-09001,K05.5
0720-027-04A-02006,K05.5
0720-027-04A-05006,K05.5
0720-051-04A-01001,K05.5
4634-027-04A-01003,K05.5
4634-075-04A-01003,K05.5
4634-075-04A-01006,K05.5
4634-006-04A-02006,K05.5
4634-051-04A-03001,K05.5
0657-075-04A-01014,K05.5
0657-055-04A-03001,K05.5
0657-055-04A-04001,K05.5
0657-055-04A-05001,K05.5
0657-075-04A-0600E,K05.5
0657-075-04A-0700F,K05.5
0657-055-04A-08001,K05.5
0657-075-04A-07014,K05.5
0657-0D7-04A-08001,K05.5
0657-0D1-04A-08001,K05.5
0657-0D7-04A-04001,K05.5
0657-0D7-04A-05001,K05.5
0657-0D7-04A-03001,K05.5
0657-055-04A-14001,K05.5
0657-055-04A-26001,K05.5
0657-051-04A-04001,K05.5
0657-011-04A-0100F,K05.5
0657-051-04A-05001,K05.5
0657-051-04A-29001,K05.5
0610-075-04A-02018,K05.5
0610-075-04A-01018,K05.5
0610-075-04A-020FA,K05.5
0610-075-04A-011F4,K05.5
0610-075-04A-01019,K05.5
0610-075-04A-01064,K05.5
0610-075-04A-03014,K05.5
0610-075-04A-021F4,K05.5
0610-075-04A-02014,K05.5
0610-075-04A-01014,K05.5
0610-075-04A-031F4,K05.5
0610-027-04A-03014,K05.5
0610-06F-04A-04001,K05.5
0610-027-04A-02014,K05.5
0610-091-04A-0701E,K05.5
0610-027-04A-0201E,K05.5
0610-027-04A-02032,K05.5
0610-0F2-04A-04001,K05.5
0610-027-04A-03032,K05.5
0610-027-04A-01032,K05.5
0610-027-04A-01014,K05.5
0610-075-04A-0101E,K05.5
0610-027-04A-0101E,K05.5
0610-027-04A-013E8,K05.5
0610-027-04A-021F4,K05.5
0610-074-04A-04001,K05.5
0610-094-04A-01010,K05.5
0610-027-04A-023E8,K05.5
0610-075-04A-03028,K05.5
0610-075-04A-030FA,K05.5
0610-075-04A-020F0,K05.5
0610-075-04A-023E8,K05.5
0610-075-04A-010FA,K05.5
0610-075-04A-013E8,K05.5
0610-075-04A-0301E,K05.5
0610-075-04A-0201E,K05.5
0610-075-04A-02064,K05.5
0610-075-04A-03064,K05.5
0610-006-04A-02032,K05.5
0610-019-04A-03014,K05.5
0610-00B-04A-01032,K05.5
0610-00B-04A-01018,K05.5
0610-094-04A-01020,K05.5
0610-027-04A-0301E,K05.5
0610-072-04A-05014,K05.5
0610-0F0-04A-01018,K05.5
0610-075-04A-02078,K05.5
0610-019-04A-0301E,K05.5
0610-061-04A-02014,K05.5
0610-075-04A-0200F,K05.5
0610-0A3-04A-09001,K05.5
0610-024-04A-0301E,K05.5
0610-0D2-04A-04001,K05.5
0610-061-04A-0301E,K05.5
0610-006-04A-02014,K05.5
5037-027-04A-0100E,K05.5
5037-055-04A-02001,K05.5
5037-055-04A-04001,K05.5
0657-050-033-1100A,K05.4
0657-050-033-11001,K05.4
5037-050-033-05001,K05.4
0720-193-033-05001,K05.4
0657-050-033-13001,K05.4
0657-050-033-1300A,K05.4
0610-066-033-12004,K05.4
0610-064-035-18001,K05.4
0610-066-033-20005,K05.4
0610-064-033-21014,K05.4
0610-064-033-18001,K05.4
0720-04E-035-05001,K05.4
0657-04E-035-1000A,K05.4
0657-04E-035-1100A,K05.4
0657-027-04A-07014,K05.4
0657-027-04A-0600E,K05.4
0657-027-04A-01014,K05.4
0657-027-04A-0700A,K05.4
0657-027-04A-07064,K05.4
0657-027-04A-01064,K05.4
0657-027-04A-0600F,K05.4
0657-027-04A-0700E,K05.4
0657-027-04A-0100F,K05.4
5037-027-04A-03014,K05.4
5037-027-04A-0301C,K05.4
5037-075-04A-0100E,K05.4
5037-075-04A-03014,K05.4
0720-055-04A-01001,K05.4
0720-091-04A-02006,K05.4
0720-055-04A-03001,K05.4
0720-055-04A-08001,K05.4
0720-091-04A-02004,K05.4
0720-027-04A-05003,K05.4
0720-055-04A-09001,K05.4
0720-027-04A-02006,K05.4
0720-027-04A-05006,K05.4
0720-051-04A-01001,K05.4
4634-027-04A-01003,K05.4
4634-075-04A-01003,K05.4
4634-075-04A-01006,K05.4
4634-006-04A-02006,K05.4
4634-051-04A-03001,K05.4
0657-075-04A-01014,K05.4
0657-055-04A-03001,K05.4
0657-055-04A-04001,K05.4
0657-055-04A-05001,K05.4
0657-075-04A-0600E,K05.4
0657-075-04A-0700F,K05.4
0657-055-04A-08001,K05.4
0657-075-04A-07014,K05.4
0657-0D7-04A-08001,K05.4
0657-0D1-04A-08001,K05.4
0657-0D7-04A-04001,K05.4
0657-0D7-04A-05001,K05.4
0657-0D7-04A-03001,K05.4
0657-055-04A-14001,K05.4
0657-055-04A-26001,K05.4
0657-051-04A-04001,K05.4
0657-011-04A-0100F,K05.4
0657-051-04A-05001,K05.4
0657-051-04A-29001,K05.4
0610-075-04A-02018,K05.4
0610-075-04A-01018,K05.4
0610-075-04A-020FA,K05.4
0610-075-04A-011F4,K05.4
0610-075-04A-01019,K05.4
0610-075-04A-01064,K05.4
0610-075-04A-03014,K05.4
0610-075-04A-021F4,K05.4
0610-075-04A-02014,K05.4
0610-075-04A-01014,K05.4
0610-075-04A-031F4,K05.4
0610-027-04A-03014,K05.4
0610-06F-04A-04001,K05.4
0610-027-04A-02014,K05.4
0610-091-04A-0701E,K05.4
0610-027-04A-0201E,K05.4
0610-027-04A-02032,K05.4
0610-0F2-04A-04001,K05.4
0610-027-04A-03032,K05.4
0610-027-04A-01032,K05.4
0610-027-04A-01014,K05.4
0610-075-04A-0101E,K05.4
0610-027-04A-0101E,K05.4
0610-027-04A-013E8,K05.4
0610-027-04A-021F4,K05.4
0610-074-04A-04001,K05.4
0610-094-04A-01010,K05.4
0610-027-04A-023E8,K05.4
0610-075-04A-03028,K05.4
0610-075-04A-030FA,K05.4
0610-075-04A-020F0,K05.4
0610-075-04A-023E8,K05.4
0610-075-04A-010FA,K05.4
0610-075-04A-013E8,K05.4
0610-075-04A-0301E,K05.4
0610-075-04A-0201E,K05.4
0610-075-04A-02064,K05.4
0610-075-04A-03064,K05.4
0610-006-04A-02032,K05.4
0610-019-04A-03014,K05.4
0610-00B-04A-01032,K05.4
0610-00B-04A-01018,K05.4
0610-094-04A-01020,K05.4
0610-027-04A-0301E,K05.4
0610-072-04A-05014,K05.4
0610-0F0-04A-01018,K05.4
0610-075-04A-02078,K05.4
0610-019-04A-0301E,K05.4
0610-061-04A-02014,K05.4
0610-075-04A-0200F,K05.4
0610-0A3-04A-09001,K05.4
0610-024-04A-0301E,K05.4
0610-0D2-04A-04001,K05.4
0610-061-04A-0301E,K05.4
0610-006-04A-02014,K05.4
5037-027-04A-0100E,K05.4
5037-055-04A-02001,K05.4
5037-055-04A-04001,K05.4
0610-0DF-058-08005,M05.629
0610-06E-058-2200A,M05.629
0610-06E-058-1500A,M05.629
0610-00F-05C-06001,M05.629
0610-02B-05C-06001,M05.629
0610-02B-05C-19001,M05.629
0610-066-033-12004,M05.629
0610-064-035-18001,M05.629
0610-066-033-20005,M05.629
0610-064-033-21014,M05.629
0610-064-033-18001,M05.629
0610-075-04A-02018,M05.629
0610-075-04A-01018,M05.629
0610-075-04A-020FA,M05.629
0610-075-04A-011F4,M05.629
0610-075-04A-01019,M05.629
0610-075-04A-01064,M05.629
0610-075-04A-03014,M05.629
0610-075-04A-021F4,M05.629
0610-075-04A-02014,M05.629
0610-075-04A-01014,M05.629
0610-075-04A-031F4,M05.629
0610-027-04A-03014,M05.629
0610-06F-04A-04001,M05.629
0610-027-04A-02014,M05.629
0610-091-04A-0701E,M05.629
0610-027-04A-0201E,M05.629
0610-027-04A-02032,M05.629
0610-0F2-04A-04001,M05.629
0610-027-04A-03032,M05.629
0610-027-04A-01032,M05.629
0610-027-04A-01014,M05.629
0610-075-04A-0101E,M05.629
0610-027-04A-0101E,M05.629
0610-027-04A-013E8,M05.629
0610-027-04A-021F4,M05.629
0610-074-04A-04001,M05.629
0610-094-04A-01010,M05.629
0610-027-04A-023E8,M05.629
0610-075-04A-03028,M05.629
0610-075-04A-030FA,M05.629
0610-075-04A-020F0,M05.629
0610-075-04A-023E8,M05.629
0610-075-04A-010FA,M05.629
0610-075-04A-013E8,M05.629
0610-075-04A-0301E,M05.629
0610-075-04A-0201E,M05.629
0610-075-04A-02064,M05.629
0610-075-04A-03064,M05.629
0610-006-04A-02032,M05.629
0610-019-04A-03014,M05.629
0610-00B-04A-01032,M05.629
0610-00B-04A-01018,M05.629
0610-094-04A-01020,M05.629
0610-027-04A-0301E,M05.629
0610-072-04A-05014,M05.629
0610-0F0-04A-01018,M05.629
0610-075-04A-02078,M05.629
0610-019-04A-0301E,M05.629
0610-061-04A-02014,M05.629
0610-075-04A-0200F,M05.629
0610-0A3-04A-09001,M05.629
0610-024-04A-0301E,M05.629
0610-0D2-04A-04001,M05.629
0610-061-04A-0301E,M05.629
0610-006-04A-02014,M05.629
0610-0DF-058-08005,M05.662
0610-06E-058-2200A,M05.662
0610-06E-058-1500A,M05.662
0610-00F-05C-06001,M05.662
0610-02B-05C-06001,M05.662
0610-02B-05C-19001,M05.662
0610-066-033-12004,M05.662
0610-064-035-18001,M05.662
0610-066-033-20005,M05.662
0610-064-033-21014,M05.662
0610-064-033-18001,M05.662
0610-075-04A-02018,M05.662
0610-075-04A-01018,M05.662
0610-075-04A-020FA,M05.662
0610-075-04A-011F4,M05.662
0610-075-04A-01019,M05.662
0610-075-04A-01064,M05.662
0610-075-04A-03014,M05.662
0610-075-04A-021F4,M05.662
0610-075-04A-02014,M05.662
0610-075-04A-01014,M05.662
0610-075-04A-031F4,M05.662
0610-027-04A-03014,M05.662
0610-06F-04A-04001,M05.662
0610-027-04A-02014,M05.662
0610-091-04A-0701E,M05.662
0610-027-04A-0201E,M05.662
0610-027-04A-02032,M05.662
0610-0F2-04A-04001,M05.662
0610-027-04A-03032,M05.662
0610-027-04A-01032,M05.662
0610-027-04A-01014,M05.662
0610-075-04A-0101E,M05.662
0610-027-04A-0101E,M05.662
0610-027-04A-013E8,M05.662
0610-027-04A-021F4,M05.662
0610-074-04A-04001,M05.662
0610-094-04A-01010,M05.662
0610-027-04A-023E8,M05.662
0610-075-04A-03028,M05.662
0610-075-04A-030FA,M05.662
0610-075-04A-020F0,M05.662
0610-075-04A-023E8,M05.662
0610-075-04A-010FA,M05.662
0610-075-04A-013E8,M05.662
0610-075-04A-0301E,M05.662
0610-075-04A-0201E,M05.662
0610-075-04A-02064,M05.662
0610-075-04A-03064,M05.662
0610-006-04A-02032,M05.662
0610-019-04A-03014,M05.662
0610-00B-04A-01032,M05.662
0610-00B-04A-01018,M05.662
0610-094-04A-01020,M05.662
0610-027-04A-0301E,M05.662
0610-072-04A-05014,M05.662
0610-0F0-04A-01018,M05.662
0610-075-04A-02078,M05.662
0610-019-04A-0301E,M05.662
0610-061-04A-02014,M05.662
0610-075-04A-0200F,M05.662
0610-0A3-04A-09001,M05.662
0610-024-04A-0301E,M05.662
0610-0D2-04A-04001,M05.662
0610-061-04A-0301E,M05.662
0610-006-04A-02014,M05.662
0610-0DF-058-08005,M54.5
0610-06E-058-2200A,M54.5
0610-06E-058-1500A,M54.5
0610-00F-05C-06001,M54.5
0610-02B-05C-06001,M54.5
0610-02B-05C-19001,M54.5
0610-066-033-12004,M54.5
0610-064-035-18001,M54.5
0610-066-033-20005,M54.5
0610-064-033-21014,M54.5
0610-064-033-18001,M54.5
0610-075-04A-02018,M54.5
0610-075-04A-01018,M54.5
0610-075-04A-020FA,M54.5
0610-075-04A-011F4,M54.5
0610-075-04A-01019,M54.5
0610-075-04A-01064,M54.5
0610-075-04A-03014,M54.5
0610-075-04A-021F4,M54.5
0610-075-04A-02014,M54.5
0610-075-04A-01014,M54.5
0610-075-04A-031F4,M54.5
0610-027-04A-03014,M54.5
0610-06F-04A-04001,M54.5
0610-027-04A-02014,M54.5
0610-091-04A-0701E,M54.5
0610-027-04A-0201E,M54.5
0610-027-04A-02032,M54.5
0610-0F2-04A-04001,M54.5
0610-027-04A-03032,M54.5
0610-027-04A-01032,M54.5
0610-027-04A-01014,M54.5
0610-075-04A-0101E,M54.5
0610-027-04A-0101E,M54.5
0610-027-04A-013E8,M54.5
0610-027-04A-021F4,M54.5
0610-074-04A-04001,M54.5
0610-094-04A-01010,M54.5
0610-027-04A-023E8,M54.5
0610-075-04A-03028,M54.5
0610-075-04A-030FA,M54.5
0610-075-04A-020F0,M54.5
0610-075-04A-023E8,M54.5
0610-075-04A-010FA,M54.5
0610-075-04A-013E8,M54.5
0610-075-04A-0301E,M54.5
0610-075-04A-0201E,M54.5
0610-075-04A-02064,M54.5
0610-075-04A-03064,M54.5
0610-006-04A-02032,M54.5
0610-019-04A-03014,M54.5
0610-00B-04A-01032,M54.5
0610-00B-04A-01018,M54.5
0610-094-04A-01020,M54.5
0610-027-04A-0301E,M54.5
0610-072-04A-05014,M54.5
0610-0F0-04A-01018,M54.5
0610-075-04A-02078,M54.5
0610-019-04A-0301E,M54.5
0610-061-04A-02014,M54.5
0610-075-04A-0200F,M54.5
0610-0A3-04A-09001,M54.5
0610-024-04A-0301E,M54.5
0610-0D2-04A-04001,M54.5
0610-061-04A-0301E,M54.5
0610-006-04A-02014,M54.5
0600-075-04A-0101E,O12.00
0600-074-04A-01001,O12.00
0600-01B-04A-0100A,O12.00
0600-075-04A-03064,O12.00
0600-075-04A-031F4,O12.00
0600-075-04A-03032,O12.00
0600-075-04A-03019,O12.00
0600-027-04A-0101E,O12.00
0600-037-04A-01001,O12.00
0600-094-04A-01018,O12.00
0600-091-04A-0101E,O12.00
0600-075-04A-01064,O12.00
0600-094-04A-0101E,O12.00
0600-008-04A-0103C,O12.00
0600-075-04A-01032,O12.00
0600-094-04A-01019,O12.00
0600-006-04A-0101E,O12.00
0600-0B4-04A-0103C,O12.00
0600-006-04A-01014,O12.00
0600-006-04A-01018,O12.00
0600-075-04A-0103C,O12.00
0600-075-04A-0401E,O12.00
0600-0FC-04A-0101E,O12.00
0600-094-04A-01064,O12.00
0600-006-04A-01064,O12.00
0600-075-04A-01082,O12.00
0600-0B4-04A-0503C,O12.00
0600-075-04A-0101E,O99.011
0600-074-04A-01001,O99.011
0600-01B-04A-0100A,O99.011
0600-075-04A-03064,O99.011
0600-075-04A-031F4,O99.011
0600-075-04A-03032,O99.011
0600-075-04A-03019,O99.011
0600-027-04A-0101E,O99.011
0600-037-04A-01001,O99.011
0600-094-04A-01018,O99.011
0600-091-04A-0101E,O99.011
0600-075-04A-01064,O99.011
0600-094-04A-0101E,O99.011
0600-008-04A-0103C,O99.011
0600-075-04A-01032,O99.011
0600-094-04A-01019,O99.011
0600-006-04A-0101E,O99.011
0600-0B4-04A-0103C,O99.011
0600-006-04A-01014,O99.011
0600-006-04A-01018,O99.011
0600-075-04A-0103C,O99.011
0600-075-04A-0401E,O99.011
0600-0FC-04A-0101E,O99.011
0600-094-04A-01064,O99.011
0600-006-04A-01064,O99.011
0600-075-04A-01082,O99.011
0600-0B4-04A-0503C,O99.011
0600-075-04A-0101E,O99.019
0600-074-04A-01001,O99.019
0600-01B-04A-0100A,O99.019
0600-075-04A-03064,O99.019
0600-075-04A-031F4,O99.019
0600-075-04A-03032,O99.019
0600-075-04A-03019,O99.019
0600-027-04A-0101E,O99.019
0600-037-04A-01001,O99.019
0600-094-04A-01018,O99.019
0600-091-04A-0101E,O99.019
0600-075-04A-01064,O99.019
0600-094-04A-0101E,O99.019
0600-008-04A-0103C,O99.019
0600-075-04A-01032,O99.019
0600-094-04A-01019,O99.019
0600-006-04A-0101E,O99.019
0600-0B4-04A-0103C,O99.019
0600-006-04A-01014,O99.019
0600-006-04A-01018,O99.019
0600-075-04A-0103C,O99.019
0600-075-04A-0401E,O99.019
0600-0FC-04A-0101E,O99.019
0600-094-04A-01064,O99.019
0600-006-04A-01064,O99.019
0600-075-04A-01082,O99.019
0600-0B4-04A-0503C,O99.019
0600-075-04A-0101E,Z34.80
0600-074-04A-01001,Z34.80
0600-01B-04A-0100A,Z34.80
0600-075-04A-03064,Z34.80
0600-075-04A-031F4,Z34.80
0600-075-04A-03032,Z34.80
0600-075-04A-03019,Z34.80
0600-027-04A-0101E,Z34.80
0600-037-04A-01001,Z34.80
0600-094-04A-01018,Z34.80
0600-091-04A-0101E,Z34.80
0600-075-04A-01064,Z34.80
0600-094-04A-0101E,Z34.80
0600-008-04A-0103C,Z34.80
0600-075-04A-01032,Z34.80
0600-094-04A-01019,Z34.80
0600-006-04A-0101E,Z34.80
0600-0B4-04A-0103C,Z34.80
0600-006-04A-01014,Z34.80
0600-006-04A-01018,Z34.80
0600-075-04A-0103C,Z34.80
0600-075-04A-0401E,Z34.80
0600-0FC-04A-0101E,Z34.80
0600-094-04A-01064,Z34.80
0600-006-04A-01064,Z34.80
0600-075-04A-01082,Z34.80
0600-0B4-04A-0503C,Z34.80
0600-075-04A-0101E,Z34.81
0600-074-04A-01001,Z34.81
0600-01B-04A-0100A,Z34.81
0600-075-04A-03064,Z34.81
0600-075-04A-031F4,Z34.81
0600-075-04A-03032,Z34.81
0600-075-04A-03019,Z34.81
0600-027-04A-0101E,Z34.81
0600-037-04A-01001,Z34.81
0600-094-04A-01018,Z34.81
0600-091-04A-0101E,Z34.81
0600-075-04A-01064,Z34.81
0600-094-04A-0101E,Z34.81
0600-008-04A-0103C,Z34.81
0600-075-04A-01032,Z34.81
0600-094-04A-01019,Z34.81
0600-006-04A-0101E,Z34.81
0600-0B4-04A-0103C,Z34.81
0600-006-04A-01014,Z34.81
0600-006-04A-01018,Z34.81
0600-075-04A-0103C,Z34.81
0600-075-04A-0401E,Z34.81
0600-0FC-04A-0101E,Z34.81
0600-094-04A-01064,Z34.81
0600-006-04A-01064,Z34.81
0600-075-04A-01082,Z34.81
0600-0B4-04A-0503C,Z34.81
0600-075-04A-0101E,Z34.82
0600-074-04A-01001,Z34.82
0600-01B-04A-0100A,Z34.82
0600-075-04A-03064,Z34.82
0600-075-04A-031F4,Z34.82
0600-075-04A-03032,Z34.82
0600-075-04A-03019,Z34.82
0600-027-04A-0101E,Z34.82
0600-037-04A-01001,Z34.82
0600-094-04A-01018,Z34.82
0600-091-04A-0101E,Z34.82
0600-075-04A-01064,Z34.82
0600-094-04A-0101E,Z34.82
0600-008-04A-0103C,Z34.82
0600-075-04A-01032,Z34.82
0600-094-04A-01019,Z34.82
0600-006-04A-0101E,Z34.82
0600-0B4-04A-0103C,Z34.82
0600-006-04A-01014,Z34.82
0600-006-04A-01018,Z34.82
0600-075-04A-0103C,Z34.82
0600-075-04A-0401E,Z34.82
0600-0FC-04A-0101E,Z34.82
0600-094-04A-01064,Z34.82
0600-006-04A-01064,Z34.82
0600-075-04A-01082,Z34.82
0600-0B4-04A-0503C,Z34.82
0600-075-04A-0101E,Z34.83
0600-074-04A-01001,Z34.83
0600-01B-04A-0100A,Z34.83
0600-075-04A-03064,Z34.83
0600-075-04A-031F4,Z34.83
0600-075-04A-03032,Z34.83
0600-075-04A-03019,Z34.83
0600-027-04A-0101E,Z34.83
0600-037-04A-01001,Z34.83
0600-094-04A-01018,Z34.83
0600-091-04A-0101E,Z34.83
0600-075-04A-01064,Z34.83
0600-094-04A-0101E,Z34.83
0600-008-04A-0103C,Z34.83
0600-075-04A-01032,Z34.83
0600-094-04A-01019,Z34.83
0600-006-04A-0101E,Z34.83
0600-0B4-04A-0103C,Z34.83
0600-006-04A-01014,Z34.83
0600-006-04A-01018,Z34.83
0600-075-04A-0103C,Z34.83
0600-075-04A-0401E,Z34.83
0600-0FC-04A-0101E,Z34.83
0600-094-04A-01064,Z34.83
0600-006-04A-01064,Z34.83
0600-075-04A-01082,Z34.83
0600-0B4-04A-0503C,Z34.83
0834-0A3-04A-05001,F25.1
3546-027-04A-0101E,F25.1
3546-027-04A-0201E,F25.1
0834-027-04A-0101C,F25.1
0834-027-04A-0201C,F25.1
2583-027-04A-01064,F25.1
2583-027-04A-02064,F25.1
2583-027-04A-0201E,F25.1
0834-027-04A-01064,F25.1
0834-027-04A-0401C,F25.1
0834-027-04A-0101E,F25.1
0834-027-04A-0200A,F25.1
0834-027-04A-0100A,F25.1
0834-027-04A-0201E,F25.1
0834-122-04A-0201E,F25.1
0834-122-04A-0101E,F25.1
2583-027-04A-0101E,F25.1
0834-075-04A-0201E,F25.1
0834-075-04A-0101E,F25.1
0834-075-04A-02064,F25.1
0834-075-04A-01064,F25.1
0834-0A3-04A-05001,F32.89
3546-027-04A-0101E,F32.89
3546-027-04A-0201E,F32.89
0834-027-04A-0101C,F32.89
0834-027-04A-0201C,F32.89
2583-027-04A-01064,F32.89
2583-027-04A-02064,F32.89
2583-027-04A-0201E,F32.89
0834-027-04A-01064,F32.89
0834-027-04A-0401C,F32.89
0834-027-04A-0101E,F32.89
0834-027-04A-0200A,F32.89
0834-027-04A-0100A,F32.89
0834-027-04A-0201E,F32.89
0834-122-04A-0201E,F32.89
0834-122-04A-0101E,F32.89
2583-027-04A-0101E,F32.89
0834-075-04A-0201E,F32.89
0834-075-04A-0101E,F32.89
0834-075-04A-02064,F32.89
0834-075-04A-01064,F32.89
0834-0A3-04A-05001,F33.1
3546-027-04A-0101E,F33.1
3546-027-04A-0201E,F33.1
0834-027-04A-0101C,F33.1
0834-027-04A-0201C,F33.1
2583-027-04A-01064,F33.1
2583-027-04A-02064,F33.1
2583-027-04A-0201E,F33.1
0834-027-04A-01064,F33.1
0834-027-04A-0401C,F33.1
0834-027-04A-0101E,F33.1
0834-027-04A-0200A,F33.1
0834-027-04A-0100A,F33.1
0834-027-04A-0201E,F33.1
0834-122-04A-0201E,F33.1
0834-122-04A-0101E,F33.1
2583-027-04A-0101E,F33.1
0834-075-04A-0201E,F33.1
0834-075-04A-0101E,F33.1
0834-075-04A-02064,F33.1
0834-075-04A-01064,F33.1
0834-0A3-04A-05001,F33.8
3546-027-04A-0101E,F33.8
3546-027-04A-0201E,F33.8
0834-027-04A-0101C,F33.8
0834-027-04A-0201C,F33.8
2583-027-04A-01064,F33.8
2583-027-04A-02064,F33.8
2583-027-04A-0201E,F33.8
0834-027-04A-01064,F33.8
0834-027-04A-0401C,F33.8
0834-027-04A-0101E,F33.8
0834-027-04A-0200A,F33.8
0834-027-04A-0100A,F33.8
0834-027-04A-0201E,F33.8
0834-122-04A-0201E,F33.8
0834-122-04A-0101E,F33.8
2583-027-04A-0101E,F33.8
0834-075-04A-0201E,F33.8
0834-075-04A-0101E,F33.8
0834-075-04A-02064,F33.8
0834-075-04A-01064,F33.8
0834-0A3-04A-05001,F33.9
3546-027-04A-0101E,F33.9
3546-027-04A-0201E,F33.9
0834-027-04A-0101C,F33.9
0834-027-04A-0201C,F33.9
2583-027-04A-01064,F33.9
2583-027-04A-02064,F33.9
2583-027-04A-0201E,F33.9
0834-027-04A-01064,F33.9
0834-027-04A-0401C,F33.9
0834-027-04A-0101E,F33.9
0834-027-04A-0200A,F33.9
0834-027-04A-0100A,F33.9
0834-027-04A-0201E,F33.9
0834-122-04A-0201E,F33.9
0834-122-04A-0101E,F33.9
2583-027-04A-0101E,F33.9
0834-075-04A-0201E,F33.9
0834-075-04A-0101E,F33.9
0834-075-04A-02064,F33.9
0834-075-04A-01064,F33.9
0834-0A3-04A-05001,F53.0
3546-027-04A-0101E,F53.0
3546-027-04A-0201E,F53.0
0834-027-04A-0101C,F53.0
0834-027-04A-0201C,F53.0
2583-027-04A-01064,F53.0
2583-027-04A-02064,F53.0
2583-027-04A-0201E,F53.0
0834-027-04A-01064,F53.0
0834-027-04A-0401C,F53.0
0834-027-04A-0101E,F53.0
0834-027-04A-0200A,F53.0
0834-027-04A-0100A,F53.0
0834-027-04A-0201E,F53.0
0834-122-04A-0201E,F53.0
0834-122-04A-0101E,F53.0
2583-027-04A-0101E,F53.0
0834-075-04A-0201E,F53.0
0834-075-04A-0101E,F53.0
0834-075-04A-02064,F53.0
0834-075-04A-01064,F53.0
0655-091-04A-0101C,I10
0655-091-04A-0201C,I10
0655-091-04A-0201E,I10
0655-091-04A-0301E,I10
0655-091-04A-0101E,I10
0655-091-04A-0100E,I10
0655-091-04A-0200E,I10
0655-075-04A-0201C,I10
0655-075-04A-0101C,I10
0655-075-04A-0101E,I10
0655-075-04A-0201E,I10
0655-075-04A-0301E,I10
0655-075-04A-0401E,I10
0655-075-04A-01064,I10
0655-075-04A-04064,I10
1013-027-04A-0101C,I10
1013-027-04A-0201C,I10
1013-027-04A-0301C,I10
1013-027-04A-0401C,I10
1949-027-04A-0701C,I10
1949-027-04A-0301C,I10
1949-027-04A-0201C,I10
1949-027-04A-0101C,I10
1949-027-04A-0501C,I10
1949-027-04A-0601C,I10
1949-027-04A-0801C,I10
0655-091-04A-0101C,I15.9
0655-091-04A-0201C,I15.9
0655-091-04A-0201E,I15.9
0655-091-04A-0301E,I15.9
0655-091-04A-0101E,I15.9
0655-091-04A-0100E,I15.9
0655-091-04A-0200E,I15.9
0655-075-04A-0201C,I15.9
0655-075-04A-0101C,I15.9
0655-075-04A-0101E,I15.9
0655-075-04A-0201E,I15.9
0655-075-04A-0301E,I15.9
0655-075-04A-0401E,I15.9
0655-075-04A-01064,I15.9
0655-075-04A-04064,I15.9
1013-027-04A-0101C,I15.9
1013-027-04A-0201C,I15.9
1013-027-04A-0301C,I15.9
1013-027-04A-0401C,I15.9
1949-027-04A-0701C,I15.9
1949-027-04A-0301C,I15.9
1949-027-04A-0201C,I15.9
1949-027-04A-0101C,I15.9
1949-027-04A-0501C,I15.9
1949-027-04A-0601C,I15.9
1949-027-04A-0801C,I15.9
1197-027-04A-0101E,E75.5
1197-027-04A-0201E,E75.5
1197-027-04A-0301E,E75.5
1197-027-04A-02064,E75.5
1197-027-04A-03064,E75.5
1197-027-04A-0401E,E75.5
1197-027-04A-0501E,E75.5
1197-027-04A-0201C,E75.5
1197-027-04A-0301C,E75.5
1197-027-04A-0101C,E75.5
1197-027-04A-0401C,E75.5
1197-075-04A-0401E,E75.5
1197-075-04A-0101E,E75.5
2182-027-04A-0101E,E75.5
2182-027-04A-0201E,E75.5
2182-027-04A-0301E,E75.5
2182-075-04A-0301E,E75.5
2182-075-04A-0201E,E75.5
2182-075-04A-0101E,E75.5
1197-027-04A-0101E,E78.00
1197-027-04A-0201E,E78.00
1197-027-04A-0301E,E78.00
1197-027-04A-02064,E78.00
1197-027-04A-03064,E78.00
1197-027-04A-0401E,E78.00
1197-027-04A-0501E,E78.00
1197-027-04A-0201C,E78.00
1197-027-04A-0301C,E78.00
1197-027-04A-0101C,E78.00
1197-027-04A-0401C,E78.00
1197-075-04A-0401E,E78.00
1197-075-04A-0101E,E78.00
2182-027-04A-0101E,E78.00
2182-027-04A-0201E,E78.00
2182-027-04A-0301E,E78.00
2182-075-04A-0301E,E78.00
2182-075-04A-0201E,E78.00
2182-075-04A-0101E,E78.00
1197-027-04A-0101E,E78.2
1197-027-04A-0201E,E78.2
1197-027-04A-0301E,E78.2
1197-027-04A-02064,E78.2
1197-027-04A-03064,E78.2
1197-027-04A-0401E,E78.2
1197-027-04A-0501E,E78.2
1197-027-04A-0201C,E78.2
1197-027-04A-0301C,E78.2
1197-027-04A-0101C,E78.2
1197-027-04A-0401C,E78.2
1197-075-04A-0401E,E78.2
1197-075-04A-0101E,E78.2
2182-027-04A-0101E,E78.2
2182-027-04A-0201E,E78.2
2182-027-04A-0301E,E78.2
2182-075-04A-0301E,E78.2
2182-075-04A-0201E,E78.2
2182-075-04A-0101E,E78.2
1197-027-04A-0101E,E78.4
1197-027-04A-0201E,E78.4
1197-027-04A-0301E,E78.4
1197-027-04A-02064,E78.4
1197-027-04A-03064,E78.4
1197-027-04A-0401E,E78.4
1197-027-04A-0501E,E78.4
1197-027-04A-0201C,E78.4
1197-027-04A-0301C,E78.4
1197-027-04A-0101C,E78.4
1197-027-04A-0401C,E78.4
1197-075-04A-0401E,E78.4
1197-075-04A-0101E,E78.4
2182-027-04A-0101E,E78.4
2182-027-04A-0201E,E78.4
2182-027-04A-0301E,E78.4
2182-075-04A-0301E,E78.4
2182-075-04A-0201E,E78.4
2182-075-04A-0101E,E78.4
1197-027-04A-0101E,E78.49
1197-027-04A-0201E,E78.49
1197-027-04A-0301E,E78.49
1197-027-04A-02064,E78.49
1197-027-04A-03064,E78.49
1197-027-04A-0401E,E78.49
1197-027-04A-0501E,E78.49
1197-027-04A-0201C,E78.49
1197-027-04A-0301C,E78.49
1197-027-04A-0101C,E78.49
1197-027-04A-0401C,E78.49
1197-075-04A-0401E,E78.49
1197-075-04A-0101E,E78.49
2182-027-04A-0101E,E78.49
2182-027-04A-0201E,E78.49
2182-027-04A-0301E,E78.49
2182-075-04A-0301E,E78.49
2182-075-04A-0201E,E78.49
2182-075-04A-0101E,E78.49
1197-027-04A-0101E,E78.5
1197-027-04A-0201E,E78.5
1197-027-04A-0301E,E78.5
1197-027-04A-02064,E78.5
1197-027-04A-03064,E78.5
1197-027-04A-0401E,E78.5
1197-027-04A-0501E,E78.5
1197-027-04A-0201C,E78.5
1197-027-04A-0301C,E78.5
1197-027-04A-0101C,E78.5
1197-027-04A-0401C,E78.5
1197-075-04A-0401E,E78.5
1197-075-04A-0101E,E78.5
2182-027-04A-0101E,E78.5
2182-027-04A-0201E,E78.5
2182-027-04A-0301E,E78.5
2182-075-04A-0301E,E78.5
2182-075-04A-0201E,E78.5
2182-075-04A-0101E,E78.5
1197-027-04A-0101E,E78.79
1197-027-04A-0201E,E78.79
1197-027-04A-0301E,E78.79
1197-027-04A-02064,E78.79
1197-027-04A-03064,E78.79
1197-027-04A-0401E,E78.79
1197-027-04A-0501E,E78.79
1197-027-04A-0201C,E78.79
1197-027-04A-0301C,E78.79
1197-027-04A-0101C,E78.79
1197-027-04A-0401C,E78.79
1197-075-04A-0401E,E78.79
1197-075-04A-0101E,E78.79
2182-027-04A-0101E,E78.79
2182-027-04A-0201E,E78.79
2182-027-04A-0301E,E78.79
2182-075-04A-0301E,E78.79
2182-075-04A-0201E,E78.79
2182-075-04A-0101E,E78.79
0716-094-04A-0101E,N40.0
0716-061-04A-0101E,N40.0
0716-006-04A-0101E,N40.0
2850-091-04A-0101E,N40.0
1428-027-04A-0101C,N40.0
1428-075-04A-0201C,N40.0
1428-075-04A-0203C,N40.0
1428-027-04A-0301E,N40.0
1428-027-04A-0201C,N40.0
1428-027-04A-0201E,N40.0
1428-027-04A-02096,N40.0
1428-027-04A-01064,N40.0
1428-027-04A-0101E,N40.0
1428-075-04A-0301E,N40.0
2850-006-04A-0101E,N40.0
0716-094-04A-0101E,N40.1
0716-061-04A-0101E,N40.1
0716-006-04A-0101E,N40.1
2850-091-04A-0101E,N40.1
1428-027-04A-0101C,N40.1
1428-075-04A-0201C,N40.1
1428-075-04A-0203C,N40.1
1428-027-04A-0301E,N40.1
1428-027-04A-0201C,N40.1
1428-027-04A-0201E,N40.1
1428-027-04A-02096,N40.1
1428-027-04A-01064,N40.1
1428-027-04A-0101E,N40.1
1428-075-04A-0301E,N40.1
2850-006-04A-0101E,N40.1
0716-094-04A-0101E,N41.0
0716-061-04A-0101E,N41.0
0716-006-04A-0101E,N41.0
2850-091-04A-0101E,N41.0
1428-027-04A-0101C,N41.0
1428-075-04A-0201C,N41.0
1428-075-04A-0203C,N41.0
1428-027-04A-0301E,N41.0
1428-027-04A-0201C,N41.0
1428-027-04A-0201E,N41.0
1428-027-04A-02096,N41.0
1428-027-04A-01064,N41.0
1428-027-04A-0101E,N41.0
1428-075-04A-0301E,N41.0
2850-006-04A-0101E,N41.0
0716-094-04A-0101E,N41.8
0716-061-04A-0101E,N41.8
0716-006-04A-0101E,N41.8
2850-091-04A-0101E,N41.8
1428-027-04A-0101C,N41.8
1428-075-04A-0201C,N41.8
1428-075-04A-0203C,N41.8
1428-027-04A-0301E,N41.8
1428-027-04A-0201C,N41.8
1428-027-04A-0201E,N41.8
1428-027-04A-02096,N41.8
1428-027-04A-01064,N41.8
1428-027-04A-0101E,N41.8
1428-075-04A-0301E,N41.8
2850-006-04A-0101E,N41.8
0716-094-04A-0101E,N42.30
0716-061-04A-0101E,N42.30
0716-006-04A-0101E,N42.30
2850-091-04A-0101E,N42.30
1428-027-04A-0101C,N42.30
1428-075-04A-0201C,N42.30
1428-075-04A-0203C,N42.30
1428-027-04A-0301E,N42.30
1428-027-04A-0201C,N42.30
1428-027-04A-0201E,N42.30
1428-027-04A-02096,N42.30
1428-027-04A-01064,N42.30
1428-027-04A-0101E,N42.30
1428-075-04A-0301E,N42.30
2850-006-04A-0101E,N42.30
0716-094-04A-0101E,N42.31
0716-061-04A-0101E,N42.31
0716-006-04A-0101E,N42.31
2850-091-04A-0101E,N42.31
1428-027-04A-0101C,N42.31
1428-075-04A-0201C,N42.31
1428-075-04A-0203C,N42.31
1428-027-04A-0301E,N42.31
1428-027-04A-0201C,N42.31
1428-027-04A-0201E,N42.31
1428-027-04A-02096,N42.31
1428-027-04A-01064,N42.31
1428-027-04A-0101E,N42.31
1428-075-04A-0301E,N42.31
2850-006-04A-0101E,N42.31
1428-027-04A-0101C,L63.9
1428-075-04A-0201C,L63.9
1428-075-04A-0203C,L63.9
1428-027-04A-0301E,L63.9
1428-027-04A-0201C,L63.9
1428-027-04A-0201E,L63.9
1428-027-04A-02096,L63.9
1428-027-04A-01064,L63.9
1428-027-04A-0101E,L63.9
1428-075-04A-0301E,L63.9
1428-027-04A-0101C,L65.8
1428-075-04A-0201C,L65.8
1428-075-04A-0203C,L65.8
1428-027-04A-0301E,L65.8
1428-027-04A-0201C,L65.8
1428-027-04A-0201E,L65.8
1428-027-04A-02096,L65.8
1428-027-04A-01064,L65.8
1428-027-04A-0101E,L65.8
1428-075-04A-0301E,L65.8
0611-074-04A-02001,J30.0
0611-075-04A-01064,J30.0
0611-027-04A-01014,J30.0
0611-027-04A-0101E,J30.0
0611-074-04A-04001,J30.0
0611-08A-04A-02001,J30.0
0611-027-04A-0100A,J30.0
0611-075-04A-0101E,J30.0
0611-074-04A-02001,J30.89
0611-075-04A-01064,J30.89
0611-027-04A-01014,J30.89
0611-027-04A-0101E,J30.89
0611-074-04A-04001,J30.89
0611-08A-04A-02001,J30.89
0611-027-04A-0100A,J30.89
0611-075-04A-0101E,J30.89
0611-074-04A-02001,J30.9
0611-075-04A-01064,J30.9
0611-027-04A-01014,J30.9
0611-027-04A-0101E,J30.9
0611-074-04A-04001,J30.9
0611-08A-04A-02001,J30.9
0611-027-04A-0100A,J30.9
0611-075-04A-0101E,J30.9
0611-074-04A-02001,L50.1
0611-075-04A-01064,L50.1
0611-027-04A-01014,L50.1
0611-027-04A-0101E,L50.1
0611-074-04A-04001,L50.1
0611-08A-04A-02001,L50.1
0611-027-04A-0100A,L50.1
0611-075-04A-0101E,L50.1
0928-027-04A-0101E,E10.8
0928-027-04A-0201E,E10.8
0928-027-04A-03030,E10.8
0928-027-04A-03032,E10.8
0928-075-04A-031F4,E10.8
0928-075-04A-03032,E10.8
0928-075-04A-011F4,E10.8
0928-075-04A-01032,E10.8
0928-027-04A-0103C,E10.8
0928-0DB-04A-0401E,E10.8
0928-0DB-04A-0301E,E10.8
0928-075-04A-01038,E10.8
0928-075-04A-03054,E10.8
0928-075-04A-0101E,E10.8
0928-075-04A-0301E,E10.8
0928-075-04A-0201E,E10.8
0928-027-04A-03014,E10.8
0928-027-04A-0301E,E10.8
0928-024-04A-0301E,E10.8
0928-0DB-04A-0201E,E10.8
0928-08A-04A-07001,E10.8
0928-027-04A-01258,E10.8
0928-027-04A-02258,E10.8
0928-024-04A-0401E,E10.8
0928-024-04A-0403C,E10.8
0928-0DB-04A-03038,E10.8
0928-0DB-04A-04038,E10.8
0928-0DB-04A-02038,E10.8
0928-024-04A-0201E,E10.8
0928-027-04A-0101E,E10.9
0928-027-04A-0201E,E10.9
0928-027-04A-03030,E10.9
0928-027-04A-03032,E10.9
0928-075-04A-031F4,E10.9
0928-075-04A-03032,E10.9
0928-075-04A-011F4,E10.9
0928-075-04A-01032,E10.9
0928-027-04A-0103C,E10.9
0928-0DB-04A-0401E,E10.9
0928-0DB-04A-0301E,E10.9
0928-075-04A-01038,E10.9
0928-075-04A-03054,E10.9
0928-075-04A-0101E,E10.9
0928-075-04A-0301E,E10.9
0928-075-04A-0201E,E10.9
0928-027-04A-03014,E10.9
0928-027-04A-0301E,E10.9
0928-024-04A-0301E,E10.9
0928-0DB-04A-0201E,E10.9
0928-08A-04A-07001,E10.9
0928-027-04A-01258,E10.9
0928-027-04A-02258,E10.9
0928-024-04A-0401E,E10.9
0928-024-04A-0403C,E10.9
0928-0DB-04A-03038,E10.9
0928-0DB-04A-04038,E10.9
0928-0DB-04A-02038,E10.9
0928-024-04A-0201E,E10.9
0928-027-04A-0101E,E11.21
0928-027-04A-0201E,E11.21
0928-027-04A-03030,E11.21
0928-027-04A-03032,E11.21
0928-075-04A-031F4,E11.21
0928-075-04A-03032,E11.21
0928-075-04A-011F4,E11.21
0928-075-04A-01032,E11.21
0928-027-04A-0103C,E11.21
0928-0DB-04A-0401E,E11.21
0928-0DB-04A-0301E,E11.21
0928-075-04A-01038,E11.21
0928-075-04A-03054,E11.21
0928-075-04A-0101E,E11.21
0928-075-04A-0301E,E11.21
0928-075-04A-0201E,E11.21
0928-027-04A-03014,E11.21
0928-027-04A-0301E,E11.21
0928-024-04A-0301E,E11.21
0928-0DB-04A-0201E,E11.21
0928-08A-04A-07001,E11.21
0928-027-04A-01258,E11.21
0928-027-04A-02258,E11.21
0928-024-04A-0401E,E11.21
0928-024-04A-0403C,E11.21
0928-0DB-04A-03038,E11.21
0928-0DB-04A-04038,E11.21
0928-0DB-04A-02038,E11.21
0928-024-04A-0201E,E11.21
0928-027-04A-0101E,E11.40
0928-027-04A-0201E,E11.40
0928-027-04A-03030,E11.40
0928-027-04A-03032,E11.40
0928-075-04A-031F4,E11.40
0928-075-04A-03032,E11.40
0928-075-04A-011F4,E11.40
0928-075-04A-01032,E11.40
0928-027-04A-0103C,E11.40
0928-0DB-04A-0401E,E11.40
0928-0DB-04A-0301E,E11.40
0928-075-04A-01038,E11.40
0928-075-04A-03054,E11.40
0928-075-04A-0101E,E11.40
0928-075-04A-0301E,E11.40
0928-075-04A-0201E,E11.40
0928-027-04A-03014,E11.40
0928-027-04A-0301E,E11.40
0928-024-04A-0301E,E11.40
0928-0DB-04A-0201E,E11.40
0928-08A-04A-07001,E11.40
0928-027-04A-01258,E11.40
0928-027-04A-02258,E11.40
0928-024-04A-0401E,E11.40
0928-024-04A-0403C,E11.40
0928-0DB-04A-03038,E11.40
0928-0DB-04A-04038,E11.40
0928-0DB-04A-02038,E11.40
0928-024-04A-0201E,E11.40
0928-027-04A-0101E,E11.42
0928-027-04A-0201E,E11.42
0928-027-04A-03030,E11.42
0928-027-04A-03032,E11.42
0928-075-04A-031F4,E11.42
0928-075-04A-03032,E11.42
0928-075-04A-011F4,E11.42
0928-075-04A-01032,E11.42
0928-027-04A-0103C,E11.42
0928-0DB-04A-0401E,E11.42
0928-0DB-04A-0301E,E11.42
0928-075-04A-01038,E11.42
0928-075-04A-03054,E11.42
0928-075-04A-0101E,E11.42
0928-075-04A-0301E,E11.42
0928-075-04A-0201E,E11.42
0928-027-04A-03014,E11.42
0928-027-04A-0301E,E11.42
0928-024-04A-0301E,E11.42
0928-0DB-04A-0201E,E11.42
0928-08A-04A-07001,E11.42
0928-027-04A-01258,E11.42
0928-027-04A-02258,E11.42
0928-024-04A-0401E,E11.42
0928-024-04A-0403C,E11.42
0928-0DB-04A-03038,E11.42
0928-0DB-04A-04038,E11.42
0928-0DB-04A-02038,E11.42
0928-024-04A-0201E,E11.42
0928-027-04A-0101E,E11.65
0928-027-04A-0201E,E11.65
0928-027-04A-03030,E11.65
0928-027-04A-03032,E11.65
0928-075-04A-031F4,E11.65
0928-075-04A-03032,E11.65
0928-075-04A-011F4,E11.65
0928-075-04A-01032,E11.65
0928-027-04A-0103C,E11.65
0928-0DB-04A-0401E,E11.65
0928-0DB-04A-0301E,E11.65
0928-075-04A-01038,E11.65
0928-075-04A-03054,E11.65
0928-075-04A-0101E,E11.65
0928-075-04A-0301E,E11.65
0928-075-04A-0201E,E11.65
0928-027-04A-03014,E11.65
0928-027-04A-0301E,E11.65
0928-024-04A-0301E,E11.65
0928-0DB-04A-0201E,E11.65
0928-08A-04A-07001,E11.65
0928-027-04A-01258,E11.65
0928-027-04A-02258,E11.65
0928-024-04A-0401E,E11.65
0928-024-04A-0403C,E11.65
0928-0DB-04A-03038,E11.65
0928-0DB-04A-04038,E11.65
0928-0DB-04A-02038,E11.65
0928-024-04A-0201E,E11.65
0645-075-04A-0101E,E11.21
0645-075-04A-0201E,E11.21
0645-075-04A-0301E,E11.21
0645-075-04A-0401E,E11.21
0645-075-04A-01064,E11.21
0645-075-04A-03064,E11.21
0645-075-04A-031F4,E11.21
0645-075-04A-041F4,E11.21
0645-075-04A-011F4,E11.21
0645-075-04A-04064,E11.21
0645-075-04A-0400A,E11.21
0645-075-04A-0100A,E11.21
0645-075-04A-0300A,E11.21
0645-075-04A-0200A,E11.21
0646-027-04A-0101E,E11.21
0646-027-04A-0201E,E11.21
0646-0DB-04A-0201E,E11.21
0645-075-04A-0101E,E11.40
0645-075-04A-0201E,E11.40
0645-075-04A-0301E,E11.40
0645-075-04A-0401E,E11.40
0645-075-04A-01064,E11.40
0645-075-04A-03064,E11.40
0645-075-04A-031F4,E11.40
0645-075-04A-041F4,E11.40
0645-075-04A-011F4,E11.40
0645-075-04A-04064,E11.40
0645-075-04A-0400A,E11.40
0645-075-04A-0100A,E11.40
0645-075-04A-0300A,E11.40
0645-075-04A-0200A,E11.40
0646-027-04A-0101E,E11.40
0646-027-04A-0201E,E11.40
0646-0DB-04A-0201E,E11.40
0645-075-04A-0101E,E11.42
0645-075-04A-0201E,E11.42
0645-075-04A-0301E,E11.42
0645-075-04A-0401E,E11.42
0645-075-04A-01064,E11.42
0645-075-04A-03064,E11.42
0645-075-04A-031F4,E11.42
0645-075-04A-041F4,E11.42
0645-075-04A-011F4,E11.42
0645-075-04A-04064,E11.42
0645-075-04A-0400A,E11.42
0645-075-04A-0100A,E11.42
0645-075-04A-0300A,E11.42
0645-075-04A-0200A,E11.42
0646-027-04A-0101E,E11.42
0646-027-04A-0201E,E11.42
0646-0DB-04A-0201E,E11.42
0645-075-04A-0101E,E11.65
0645-075-04A-0201E,E11.65
0645-075-04A-0301E,E11.65
0645-075-04A-0401E,E11.65
0645-075-04A-01064,E11.65
0645-075-04A-03064,E11.65
0645-075-04A-031F4,E11.65
0645-075-04A-041F4,E11.65
0645-075-04A-011F4,E11.65
0645-075-04A-04064,E11.65
0645-075-04A-0400A,E11.65
0645-075-04A-0100A,E11.65
0645-075-04A-0300A,E11.65
0645-075-04A-0200A,E11.65
0646-027-04A-0101E,E11.65
0646-027-04A-0201E,E11.65
0646-0DB-04A-0201E,E11.65
1623-066-059-01002,E11.21
1623-066-059-01002,E11.40
1623-066-059-01002,E11.42
1623-066-059-01002,E11.65
1623-066-059-01002,E66.9
1623-066-059-01002,Z98.84
2965-071-059-01005,E10.8
2965-071-059-02005,E10.8
2965-071-059-01005,E10.9
2965-071-059-02005,E10.9
2965-071-059-01005,E11.21
2965-071-059-02005,E11.21
2965-071-059-01005,E11.40
2965-071-059-02005,E11.40
2965-071-059-01005,E11.42
2965-071-059-02005,E11.42
2965-071-059-01005,E11.65
2965-071-059-02005,E11.65
1314-027-04A-0100E,K27.0
1314-050-033-0100A,K27.0
1314-027-04A-0200E,K27.0
1314-027-04A-0101C,K27.0
1314-027-04A-0201C,K27.0
1314-02E-04A-0301C,K27.0
1314-027-04A-01007,K27.0
1314-091-04A-02069,K27.0
1314-091-04A-0200E,K27.0
1314-091-04A-01069,K27.0
1314-091-04A-0100E,K27.0
1314-09C-04A-0200E,K27.0
1314-09C-04A-0100E,K27.0
1314-027-04A-0100E,K27.1
1314-050-033-0100A,K27.1
1314-027-04A-0200E,K27.1
1314-027-04A-0101C,K27.1
1314-027-04A-0201C,K27.1
1314-02E-04A-0301C,K27.1
1314-027-04A-01007,K27.1
1314-091-04A-02069,K27.1
1314-091-04A-0200E,K27.1
1314-091-04A-01069,K27.1
1314-091-04A-0100E,K27.1
1314-09C-04A-0200E,K27.1
1314-09C-04A-0100E,K27.1
1314-027-04A-0100E,K27.4
1314-050-033-0100A,K27.4
1314-027-04A-0200E,K27.4
1314-027-04A-0101C,K27.4
1314-027-04A-0201C,K27.4
1314-02E-04A-0301C,K27.4
1314-027-04A-01007,K27.4
1314-091-04A-02069,K27.4
1314-091-04A-0200E,K27.4
1314-091-04A-01069,K27.4
1314-091-04A-0100E,K27.4
1314-09C-04A-0200E,K27.4
1314-09C-04A-0100E,K27.4
1314-027-04A-0100E,K27.5
1314-050-033-0100A,K27.5
1314-027-04A-0200E,K27.5
1314-027-04A-0101C,K27.5
1314-027-04A-0201C,K27.5
1314-02E-04A-0301C,K27.5
1314-027-04A-01007,K27.5
1314-091-04A-02069,K27.5
1314-091-04A-0200E,K27.5
1314-091-04A-01069,K27.5
1314-091-04A-0100E,K27.5
1314-09C-04A-0200E,K27.5
1314-09C-04A-0100E,K27.5
1314-027-04A-0100E,K27.7
1314-050-033-0100A,K27.7
1314-027-04A-0200E,K27.7
1314-027-04A-0101C,K27.7
1314-027-04A-0201C,K27.7
1314-02E-04A-0301C,K27.7
1314-027-04A-01007,K27.7
1314-091-04A-02069,K27.7
1314-091-04A-0200E,K27.7
1314-091-04A-01069,K27.7
1314-091-04A-0100E,K27.7
1314-09C-04A-0200E,K27.7
1314-09C-04A-0100E,K27.7
1314-027-04A-0100E,K27.9
1314-050-033-0100A,K27.9
1314-027-04A-0200E,K27.9
1314-027-04A-0101C,K27.9
1314-027-04A-0201C,K27.9
1314-02E-04A-0301C,K27.9
1314-027-04A-01007,K27.9
1314-091-04A-02069,K27.9
1314-091-04A-0200E,K27.9
1314-091-04A-01069,K27.9
1314-091-04A-0100E,K27.9
1314-09C-04A-0200E,K27.9
1314-09C-04A-0100E,K27.9
1314-027-04A-0100E,K29.00
1314-050-033-0100A,K29.00
1314-027-04A-0200E,K29.00
1314-027-04A-0101C,K29.00
1314-027-04A-0201C,K29.00
1314-02E-04A-0301C,K29.00
1314-027-04A-01007,K29.00
1314-091-04A-02069,K29.00
1314-091-04A-0200E,K29.00
1314-091-04A-01069,K29.00
1314-091-04A-0100E,K29.00
1314-09C-04A-0200E,K29.00
1314-09C-04A-0100E,K29.00
1314-027-04A-0100E,K29.40
1314-050-033-0100A,K29.40
1314-027-04A-0200E,K29.40
1314-027-04A-0101C,K29.40
1314-027-04A-0201C,K29.40
1314-02E-04A-0301C,K29.40
1314-027-04A-01007,K29.40
1314-091-04A-02069,K29.40
1314-091-04A-0200E,K29.40
1314-091-04A-01069,K29.40
1314-091-04A-0100E,K29.40
1314-09C-04A-0200E,K29.40
1314-09C-04A-0100E,K29.40
1314-027-04A-0100E,K29.50
1314-050-033-0100A,K29.50
1314-027-04A-0200E,K29.50
1314-027-04A-0101C,K29.50
1314-027-04A-0201C,K29.50
1314-02E-04A-0301C,K29.50
1314-027-04A-01007,K29.50
1314-091-04A-02069,K29.50
1314-091-04A-0200E,K29.50
1314-091-04A-01069,K29.50
1314-091-04A-0100E,K29.50
1314-09C-04A-0200E,K29.50
1314-09C-04A-0100E,K29.50
1314-027-04A-0100E,K29.60
1314-050-033-0100A,K29.60
1314-027-04A-0200E,K29.60
1314-027-04A-0101C,K29.60
1314-027-04A-0201C,K29.60
1314-02E-04A-0301C,K29.60
1314-027-04A-01007,K29.60
1314-091-04A-02069,K29.60
1314-091-04A-0200E,K29.60
1314-091-04A-01069,K29.60
1314-091-04A-0100E,K29.60
1314-09C-04A-0200E,K29.60
1314-09C-04A-0100E,K29.60
1314-027-04A-0100E,K29.61
1314-050-033-0100A,K29.61
1314-027-04A-0200E,K29.61
1314-027-04A-0101C,K29.61
1314-027-04A-0201C,K29.61
1314-02E-04A-0301C,K29.61
1314-027-04A-01007,K29.61
1314-091-04A-02069,K29.61
1314-091-04A-0200E,K29.61
1314-091-04A-01069,K29.61
1314-091-04A-0100E,K29.61
1314-09C-04A-0200E,K29.61
1314-09C-04A-0100E,K29.61
1314-027-04A-0100E,K29.70
1314-050-033-0100A,K29.70
1314-027-04A-0200E,K29.70
1314-027-04A-0101C,K29.70
1314-027-04A-0201C,K29.70
1314-02E-04A-0301C,K29.70
1314-027-04A-01007,K29.70
1314-091-04A-02069,K29.70
1314-091-04A-0200E,K29.70
1314-091-04A-01069,K29.70
1314-091-04A-0100E,K29.70
1314-09C-04A-0200E,K29.70
1314-09C-04A-0100E,K29.70
